,ast_00,ast_01,ast_02,ast_03,ast_04,ast_05,ast_06,ast_07,ast_08,ast_09,ast_10,ast_11,ast_12,ast_13,ast_14,ast_15,ast_16,ast_17,ast_18,ast_19,mic_00,mic_01,mic_02,mic_03,mic_04,mic_05,mic_06,mic_07,mic_08,mic_09,mic_10,mic_11,mic_12,mic_13,mic_14,mic_15,mic_16,mic_17,mic_18,mic_19,oli_00,oli_01,oli_02,oli_03,oli_04,oli_05,oli_06,oli_07,oli_08,oli_09,oli_10,oli_11,oli_12,oli_13,oli_14,oli_15,oli_16,oli_17,oli_18,oli_19,end_00,end_01,end_02,end_03,end_04,end_05,end_06,end_07,end_08,end_09,end_10,end_11,end_12,end_13,end_14,end_15,end_16,end_17,end_18,end_19,exc_00,exc_01,exc_02,exc_03,exc_04,exc_05,exc_06,exc_07,exc_08,exc_09,exc_10,exc_11,exc_12,exc_13,exc_14,exc_15,exc_16,exc_17,exc_18,exc_19,inh_00,inh_01,inh_02,inh_03,inh_04,inh_05,inh_06,inh_07,inh_08,inh_09,inh_10,inh_11,inh_12,inh_13,inh_14,inh_15,inh_16,inh_17,inh_18,inh_19
Aldh1l1,28,24,28,35,19,23,28,28,27,28,23,20,25,25,25,27,29,29,27,28,1,0,3,1,1,1,1,1,0,1,2,2,1,1,1,1,2,4,0,2,2,1,0,0,2,0,1,1,0,2,2,2,2,0,1,2,1,0,2,1,0,0,0,0,2,0,3,2,1,1,1,1,1,3,1,1,0,0,2,1,2,2,1,0,1,2,3,1,0,0,0,0,0,1,1,1,0,3,1,1,3,0,0,0,2,2,2,1,1,2,1,3,0,1,2,0,1,0,1,2
Aqp4,31,24,21,17,34,25,20,16,34,27,23,26,26,24,31,21,25,24,21,31,2,0,0,4,2,1,3,1,0,2,2,2,0,2,3,0,1,0,1,1,1,1,1,0,0,1,0,3,1,0,0,1,0,2,1,1,1,1,2,0,0,2,1,1,1,0,1,0,2,4,1,0,1,2,1,1,3,2,2,2,1,2,1,2,2,0,1,1,1,1,1,0,1,1,2,1,2,1,1,1,2,1,2,1,1,1,2,1,0,0,2,1,3,0,2,0,1,1,1,2
C1qa,1,1,0,2,2,0,1,1,1,1,1,1,0,0,0,1,1,0,0,2,24,21,21,23,27,28,24,25,21,26,24,23,25,29,29,23,29,29,31,28,3,2,0,2,0,0,4,3,0,1,2,2,0,0,0,0,2,3,0,1,0,2,0,1,1,1,1,2,0,2,1,1,2,1,1,0,2,1,2,0,0,0,0,0,0,0,1,2,1,0,0,2,0,3,1,1,0,2,1,0,1,0,2,1,2,2,1,0,2,2,0,1,2,2,0,0,2,0,0,2
C1qb,0,1,1,0,0,2,1,1,1,1,1,0,0,0,0,0,1,1,0,0,23,23,30,24,26,34,27,26,30,21,25,23,26,19,29,33,27,32,29,24,3,3,2,1,1,1,0,2,1,0,0,0,1,0,1,0,2,1,1,0,0,1,0,1,1,0,0,1,3,1,1,0,0,0,1,0,0,0,0,2,1,0,3,0,0,0,0,0,1,0,1,0,0,2,1,0,3,1,1,0,3,0,0,2,1,0,1,1,1,2,0,2,0,2,1,3,0,1,2,0
C1ql2,1,1,2,0,1,0,0,0,1,1,1,3,1,1,1,2,2,0,0,0,1,5,1,3,0,1,0,0,2,0,0,0,0,1,1,1,1,1,1,1,2,0,0,1,0,1,0,0,0,1,0,0,2,0,1,2,1,2,0,2,1,0,2,2,0,1,1,2,2,1,1,1,3,1,1,0,2,1,1,0,25,29,29,22,28,33,33,32,31,22,26,21,31,31,24,25,29,25,24,29,0,1,1,1,1,2,3,0,1,2,0,1,2,0,2,1,1,2,1,1
Camk2a,2,0,1,1,0,0,1,3,0,2,0,5,0,0,1,2,2,2,0,0,1,0,2,1,0,1,2,1,0,1,1,1,1,3,0,2,1,1,3,1,1,1,0,0,1,2,2,1,2,3,1,1,1,0,0,3,1,2,1,1,1,0,1,2,1,1,0,1,2,1,0,1,1,1,1,2,0,1,1,0,27,21,17,19,27,23,23,25,25,32,27,23,34,32,21,21,33,27,20,22,0,1,4,0,3,1,1,0,0,0,1,1,3,1,2,2,1,0,1,0
Cd9,0,1,0,1,3,0,0,0,0,2,2,1,0,1,0,0,1,0,1,2,1,2,1,0,0,0,4,1,0,1,0,0,1,2,0,0,0,3,0,3,0,2,0,0,0,3,0,2,1,1,0,2,1,0,0,0,0,1,0,1,0,2,0,1,2,0,1,4,2,1,2,0,1,5,1,1,0,0,0,1,0,3,0,2,0,0,1,0,1,0,1,1,1,2,4,1,1,0,0,1,3,2,0,0,1,1,1,1,3,2,1,1,0,0,1,0,1,0,1,1
Cldn5,0,2,1,0,3,0,0,1,1,1,0,0,1,0,1,0,1,1,1,2,0,1,2,1,1,0,0,0,0,1,0,1,0,1,3,1,0,1,0,2,2,0,1,1,3,0,1,1,0,0,0,1,2,2,3,2,0,2,1,1,31,26,26,36,23,20,29,27,26,30,27,29,26,29,29,18,27,37,25,37,4,1,1,0,1,1,1,0,3,2,2,1,2,1,1,2,2,1,2,0,3,2,1,0,0,0,0,1,1,0,1,1,2,1,0,2,3,0,2,2
Cnp,1,4,1,1,2,0,2,1,0,1,2,2,2,1,0,1,1,0,2,0,3,0,1,1,0,1,1,3,2,0,2,2,1,0,0,0,1,0,2,1,26,16,22,31,29,25,24,32,36,26,30,25,24,23,20,21,22,26,30,27,1,0,1,0,3,0,0,0,1,2,0,2,1,1,1,0,2,2,1,0,1,0,2,1,1,1,2,3,2,1,2,2,1,0,2,1,0,3,1,1,1,1,0,0,0,3,0,2,1,0,1,0,0,1,1,1,2,1,1,4
Ctsl,1,2,0,2,1,2,0,0,0,3,1,2,3,1,0,2,1,0,0,1,0,0,0,1,1,0,0,3,1,0,3,0,3,2,0,0,0,0,0,1,2,1,2,3,1,3,1,1,0,1,1,1,0,4,3,0,0,2,0,1,1,1,1,2,2,1,1,1,1,1,0,0,0,1,1,0,2,2,0,1,0,2,0,2,5,1,1,0,1,3,4,0,1,0,1,0,1,0,2,0,0,2,1,1,0,0,0,4,0,3,2,1,1,0,0,3,0,2,0,4
Gad1,0,3,0,0,2,1,1,0,0,0,0,1,1,1,0,1,3,2,0,1,2,2,1,3,1,2,2,2,0,1,1,1,3,0,4,1,0,1,1,0,1,2,2,1,1,0,4,1,1,0,1,2,3,0,4,3,1,2,0,0,0,1,0,0,1,4,0,1,1,1,1,2,0,0,4,0,1,1,3,3,2,0,1,1,0,0,0,1,2,3,1,2,0,2,1,2,0,1,1,0,37,24,23,24,25,26,32,27,29,24,23,24,23,29,26,19,33,30,29,21
Gad2,1,0,2,0,1,0,2,3,0,1,3,1,1,0,0,0,0,1,0,2,2,1,0,1,1,1,1,0,2,4,2,0,1,0,3,2,1,0,0,0,1,2,0,0,1,1,0,0,1,2,0,2,0,2,2,1,1,0,0,1,3,2,2,0,0,2,0,1,1,3,0,2,1,1,0,0,0,1,3,1,2,1,0,1,0,3,0,1,1,2,2,3,1,0,1,0,1,1,1,1,24,30,22,23,23,28,30,24,22,23,20,24,23,26,27,24,26,31,20,26
Gfap,24,21,27,25,21,31,29,26,28,19,26,35,22,38,20,26,25,26,30,35,1,0,0,1,1,0,2,2,2,2,1,2,1,1,2,1,1,1,2,0,1,0,0,1,0,2,1,0,1,2,4,2,2,0,1,1,3,0,1,2,1,1,1,0,1,1,1,1,0,2,1,1,2,1,0,0,2,0,2,1,0,3,2,1,0,0,1,1,2,1,1,3,0,2,0,0,1,0,0,1,2,1,1,0,1,0,1,0,1,0,0,1,3,0,0,2,2,0,0,1
Gpx4,0,1,0,1,2,1,0,0,1,1,0,0,1,0,1,0,1,3,0,2,0,0,0,1,1,0,0,0,0,1,0,3,1,0,2,3,0,0,5,1,1,2,2,1,3,1,0,0,0,0,0,2,2,1,1,0,1,1,3,0,0,1,1,0,1,1,2,2,2,1,0,1,1,3,0,1,1,0,2,0,1,2,2,1,1,2,1,1,2,0,1,1,0,0,0,0,1,1,2,3,0,0,2,0,0,1,4,1,1,1,1,3,1,0,0,3,2,0,1,6
Grin3a,1,2,0,1,1,1,0,0,1,1,1,2,3,3,0,1,0,0,1,2,4,0,2,2,1,1,0,3,0,2,1,1,0,2,1,0,0,2,0,0,2,0,2,0,1,0,2,0,0,2,1,0,1,0,1,0,1,0,1,2,2,1,1,1,0,0,1,1,0,0,1,1,2,1,1,2,0,1,0,0,1,1,0,1,0,1,1,0,1,1,1,1,2,0,1,0,0,3,2,3,26,20,23,31,25,29,26,24,20,32,25,27,24,24,26,25,28,28,25,26
Kdr,1,0,2,0,3,3,2,0,3,0,2,1,1,0,1,1,0,0,0,1,2,0,1,0,1,0,1,1,1,0,1,1,2,1,1,1,3,2,2,0,0,0,0,1,1,0,0,1,1,2,0,1,0,0,0,1,0,1,0,3,30,24,32,23,18,22,33,21,26,25,28,27,26,25,24,20,26,22,29,32,1,0,1,0,1,3,2,1,3,1,0,0,1,0,0,1,1,2,0,0,0,0,0,0,1,2,0,0,0,1,0,1,1,1,1,0,1,0,0,3
Lpl,2,2,0,1,1,1,0,2,1,1,1,1,0,0,0,0,0,1,2,2,31,32,20,30,32,21,28,26,28,28,21,22,23,21,26,31,29,25,23,18,0,0,1,2,1,1,0,1,1,0,0,0,2,2,0,1,0,3,0,0,0,2,1,0,2,2,3,0,0,2,1,3,0,1,1,0,0,0,0,0,0,3,2,1,0,0,1,1,0,1,0,1,1,0,1,1,0,1,0,0,1,2,2,2,0,0,0,2,2,0,2,1,1,0,0,0,1,0,1,1
Mbp,0,0,1,1,0,1,3,1,0,1,1,0,1,1,0,0,0,1,0,2,1,0,1,1,2,1,0,0,1,0,1,1,0,1,0,1,1,1,2,2,28,31,30,24,20,30,26,18,29,25,28,28,33,26,32,24,32,24,27,24,4,0,1,0,0,0,0,0,1,0,1,1,1,2,1,0,0,1,1,1,1,1,0,1,0,2,0,1,1,1,1,0,0,0,3,0,2,1,1,2,1,1,0,1,2,2,2,1,0,0,0,0,2,2,1,0,0,0,1,1
Mfap4,0,0,1,2,1,1,1,1,1,1,0,2,1,0,1,3,1,2,0,1,1,0,1,0,2,1,1,0,0,1,1,2,0,3,1,1,0,1,0,0,1,4,0,0,0,0,3,2,0,0,1,0,1,1,1,4,0,0,0,0,1,0,3,0,1,1,0,2,1,0,0,0,1,0,1,0,2,1,0,0,0,0,0,1,2,2,1,0,0,0,1,2,0,2,0,1,1,0,3,0,0,0,0,0,0,0,2,0,0,1,0,1,0,2,1,1,0,1,2,1
Mog,1,0,0,1,2,1,2,0,0,0,0,0,1,1,1,0,1,0,1,1,0,3,1,1,2,0,0,2,2,0,0,0,1,2,0,2,3,0,2,1,23,35,27,20,23,31,30,26,27,17,28,29,27,28,25,25,34,26,23,28,1,0,1,0,0,1,4,0,0,1,2,0,2,0,0,0,0,0,0,0,0,0,0,2,1,0,1,2,1,0,0,1,0,0,1,0,1,0,1,1,0,1,0,2,1,0,1,1,1,0,0,2,1,1,1,1,1,1,1,0
Neurod1,1,0,0,2,0,0,0,0,0,0,1,1,0,1,0,1,0,1,1,1,0,2,1,0,0,2,1,0,0,2,3,1,1,1,1,2,2,0,0,0,1,2,0,2,1,1,2,1,1,2,1,1,4,2,2,1,0,0,1,1,0,1,0,1,1,3,1,1,2,0,0,2,2,1,2,1,0,1,0,1,22,26,28,25,23,21,30,23,30,26,30,30,27,24,23,24,28,26,24,20,0,0,2,0,0,1,0,3,1,2,1,1,4,0,0,4,0,0,3,0
Nr3c2,3,1,1,1,0,0,2,1,2,2,1,0,2,2,2,1,1,1,0,0,1,2,1,2,0,1,1,1,1,2,2,1,3,4,0,0,1,2,1,0,2,1,2,3,0,2,1,0,0,0,1,1,3,0,1,2,2,0,3,1,1,2,1,0,0,0,2,3,1,1,0,1,0,1,1,0,1,0,1,0,1,0,0,0,0,0,0,0,1,0,0,0,0,3,3,1,2,0,1,1,1,1,0,0,1,1,0,0,0,3,1,0,1,0,1,1,0,1,0,0
Ntf3,1,0,3,2,0,0,1,2,2,0,1,0,3,1,0,1,1,0,1,1,1,2,0,0,0,2,2,0,3,1,0,3,0,0,0,1,1,3,1,0,0,3,0,3,0,2,0,3,1,0,2,2,0,2,2,0,2,0,2,0,0,1,0,2,4,3,0,0,0,3,0,4,3,2,2,0,0,0,1,2,2,1,0,1,0,0,1,2,2,1,0,0,0,1,1,0,0,2,2,1,2,0,0,1,2,1,1,1,0,2,1,0,3,1,0,0,0,1,1,3
P2ry1,0,0,0,1,1,1,2,1,1,0,1,3,0,1,2,2,1,1,1,1,0,2,1,3,0,1,0,0,0,0,1,1,2,3,3,1,3,0,2,0,0,0,0,0,0,0,0,0,1,2,0,0,0,3,2,2,0,0,3,0,0,0,0,1,1,2,1,1,1,0,0,1,0,1,0,1,1,2,0,1,1,1,0,1,3,0,0,0,2,0,2,1,0,0,2,0,1,2,0,1,29,22,22,23,24,32,21,22,26,22,30,35,29,26,27,31,26,25,27,17
Pax6,0,2,1,3,2,3,1,0,2,2,1,1,1,3,1,1,2,1,5,1,0,1,1,3,1,1,0,3,3,0,0,0,0,1,1,0,3,2,0,2,0,1,1,1,0,1,2,0,1,1,1,0,0,2,0,0,3,0,1,0,1,2,1,0,0,0,0,0,0,1,0,3,0,2,2,1,2,0,2,0,1,2,0,0,0,2,2,0,1,0,2,0,2,3,1,0,1,0,0,2,0,1,0,2,1,1,2,1,0,0,0,0,1,2,1,0,1,2,1,3
Pecam1,1,2,0,1,2,2,0,0,1,1,0,1,1,0,2,0,3,0,1,0,0,2,2,0,0,0,1,0,0,3,2,3,0,2,0,0,0,0,2,1,1,0,1,2,0,2,2,1,0,0,1,1,0,0,1,0,0,3,0,2,20,23,24,25,25,30,25,28,28,27,29,29,25,31,26,23,21,27,24,20,3,2,1,1,1,0,1,1,1,1,0,2,1,0,1,0,0,1,3,0,1,0,1,1,1,3,0,1,0,3,0,2,0,0,2,2,1,0,1,0
Plp1,2,0,1,0,2,1,0,0,0,1,2,0,0,2,0,0,2,1,1,1,4,3,0,2,1,2,1,0,0,1,2,0,0,2,2,1,1,0,2,1,27,22,21,29,30,29,24,28,26,24,21,25,25,22,24,21,21,24,29,32,1,1,1,0,1,1,0,0,1,0,1,0,0,1,1,2,1,0,2,2,0,2,3,0,1,1,2,2,2,1,0,1,1,1,2,1,0,2,0,1,1,1,2,1,1,2,1,0,2,0,2,1,1,2,2,0,2,2,2,1
Prox1,0,0,2,1,0,1,0,0,0,2,1,4,0,0,0,2,0,0,1,1,0,2,1,0,1,2,0,0,1,0,0,3,3,2,1,1,1,2,1,1,1,2,1,1,1,1,0,2,1,1,1,1,0,1,3,1,0,1,1,0,1,0,3,1,2,0,1,0,1,2,0,1,2,1,4,2,2,1,4,0,0,3,2,2,1,1,1,1,3,1,0,0,0,0,1,1,2,2,2,2,2,3,1,1,2,0,0,1,3,1,2,1,1,1,1,1,2,1,2,2
Pvalb,2,0,3,2,2,2,1,1,0,1,2,2,1,2,2,2,0,1,3,2,4,1,0,1,3,0,2,0,1,1,3,1,1,0,3,2,1,0,1,1,2,2,0,1,2,0,2,2,1,2,1,0,1,2,1,3,1,0,0,1,1,1,2,2,1,2,3,1,3,4,2,0,0,1,0,5,2,0,3,1,0,0,2,0,1,0,1,1,3,0,1,0,0,0,0,0,0,1,2,3,23,24,29,26,21,27,25,27,26,26,25,24,27,27,25,26,30,31,21,31
RIMS1,1,0,0,0,0,1,0,1,0,0,1,0,1,1,2,0,1,1,2,2,1,1,1,1,2,1,2,3,3,2,0,0,2,0,1,1,0,0,1,0,2,1,0,2,1,0,2,0,0,0,2,3,3,1,0,2,0,1,3,1,1,0,3,0,1,1,1,0,0,0,1,0,1,1,0,2,0,1,1,0,25,24,25,31,29,23,23,25,33,31,23,22,23,32,27,25,26,37,26,26,1,1,1,0,0,1,0,3,1,1,1,2,1,2,1,0,0,1,0,4
Rerg,2,2,0,3,1,1,0,1,0,2,1,0,3,1,0,1,0,0,2,2,0,1,1,0,2,0,1,0,0,0,0,1,2,0,1,0,0,4,0,2,4,1,0,0,3,1,2,0,0,0,0,1,3,0,1,0,1,2,1,0,2,2,2,2,1,0,1,5,2,1,1,0,2,3,0,1,2,2,0,0,1,0,1,0,0,0,1,1,0,0,2,0,0,2,1,1,3,0,4,2,1,1,1,2,1,0,0,1,1,1,0,1,0,1,0,1,1,0,1,0
Rgs5,0,3,1,1,0,0,1,0,2,3,0,1,0,1,0,3,0,1,0,1,0,2,1,1,1,1,2,2,1,1,2,0,2,2,2,2,2,1,2,1,2,3,0,2,1,0,2,1,0,0,1,3,0,1,2,1,0,4,1,0,22,25,21,25,29,25,30,24,22,26,25,26,26,32,21,25,23,27,28,31,0,1,2,1,1,0,2,2,0,3,1,1,1,2,2,0,1,1,0,2,1,1,0,1,0,1,0,1,0,1,1,1,4,0,1,0,1,1,0,0
Slc17a7,2,2,1,1,0,0,0,0,0,2,2,0,2,3,2,1,0,3,1,0,1,1,2,4,1,1,2,1,1,0,1,0,1,2,0,1,2,0,1,2,1,1,0,0,2,1,0,1,2,2,1,1,1,0,0,2,2,0,0,2,2,0,1,0,0,1,1,1,0,0,1,1,2,0,0,0,1,2,1,2,28,22,23,23,26,25,35,22,33,23,28,24,24,31,18,24,33,21,21,28,0,1,4,0,1,1,0,1,0,0,0,2,2,1,3,2,4,2,0,0
Slc1a2,26,23,25,27,24,22,27,23,26,25,24,17,29,23,30,24,18,31,30,26,1,0,2,2,0,3,0,1,1,0,2,2,1,0,0,1,1,1,0,1,3,1,0,1,2,0,0,1,1,0,2,0,1,2,1,1,2,1,3,3,1,0,1,0,0,0,0,1,0,0,1,0,1,1,0,1,1,3,2,0,0,2,2,1,0,1,1,1,2,1,0,0,2,1,1,1,0,0,0,1,1,0,1,1,3,1,1,3,1,0,1,0,0,0,0,2,1,4,1,3
Slc6a1,0,0,1,1,2,0,0,1,0,2,1,1,0,0,0,0,1,0,3,1,2,1,1,1,2,0,1,0,0,0,2,1,0,2,4,0,1,1,2,2,2,2,1,2,1,2,0,2,0,4,1,1,2,0,2,2,0,1,3,0,0,1,2,1,2,1,2,2,1,1,0,1,3,2,1,3,1,0,1,1,0,1,2,1,1,2,0,1,2,0,0,1,5,1,3,1,1,2,0,0,23,26,24,25,22,24,22,34,22,21,28,28,25,32,28,35,34,24,20,21
Tbr1,1,0,1,4,0,1,1,4,0,0,2,0,0,0,1,4,0,0,0,1,1,1,1,0,0,0,2,2,0,1,3,0,1,0,4,0,3,1,0,1,0,1,0,2,0,1,1,1,1,1,0,0,1,2,0,0,1,0,1,1,1,2,0,0,1,1,1,0,1,2,3,1,1,1,1,1,1,1,1,0,30,30,38,29,29,25,25,20,32,28,29,26,22,20,21,30,30,31,27,24,1,0,0,1,0,1,0,1,1,0,1,1,0,0,0,0,1,1,1,2
Tyrobp,2,2,0,3,1,0,0,0,0,2,2,1,1,1,0,1,2,1,0,0,28,24,27,34,23,21,26,25,19,26,17,28,31,25,21,21,31,25,22,25,2,0,1,3,2,3,2,0,1,0,1,0,0,4,0,1,0,1,1,1,1,1,0,1,0,0,0,2,1,1,1,0,0,0,1,2,1,0,2,1,2,1,0,1,3,1,1,1,1,0,1,1,0,1,0,4,2,1,1,1,1,1,5,2,1,1,2,1,0,0,1,1,3,1,3,0,1,0,0,2
Gene001,1,3,0,4,1,2,1,2,1,0,1,0,0,0,0,1,0,0,3,4,1,0,1,3,2,0,1,1,2,1,1,1,0,0,3,3,0,0,0,0,1,1,1,0,0,0,1,0,0,0,1,2,0,0,1,1,0,2,1,3,2,0,1,3,0,0,0,0,0,0,0,3,2,1,0,1,1,0,3,2,1,3,1,1,0,1,4,4,0,2,1,1,0,0,0,1,1,5,2,1,1,2,3,1,0,0,1,1,2,1,4,0,1,0,1,1,3,2,1,0
Gene002,0,1,1,2,2,1,1,2,0,1,1,1,1,1,2,2,2,1,1,0,1,3,0,1,3,0,1,0,0,0,0,0,4,0,0,2,3,3,1,0,1,2,0,1,0,3,1,2,2,0,2,0,1,1,2,0,2,1,0,1,0,0,2,0,1,1,1,2,0,0,0,1,0,0,2,1,2,0,2,1,1,1,1,1,1,0,0,1,1,2,0,2,1,1,4,0,1,0,1,0,2,1,0,2,1,1,1,1,1,0,2,2,0,2,1,0,0,0,0,0
Gene003,3,1,1,1,0,3,0,1,1,0,0,2,1,2,0,1,1,1,1,2,1,1,1,1,1,1,2,1,1,0,4,0,0,0,2,2,2,0,1,1,0,1,1,0,1,1,0,0,1,0,0,1,1,1,2,1,1,1,1,3,1,0,0,0,1,2,0,0,0,0,1,3,3,2,2,1,1,1,1,2,0,0,1,1,1,1,1,0,1,4,0,0,0,1,0,1,0,0,1,0,3,2,0,1,4,0,0,0,3,0,0,2,1,1,1,0,0,0,1,2
Gene004,2,0,2,1,1,1,2,1,1,1,1,1,1,1,0,3,0,0,2,1,2,1,1,0,0,1,0,0,0,1,1,3,1,1,2,1,1,0,0,1,4,0,0,0,2,0,2,0,2,2,2,0,1,1,0,2,0,1,0,1,3,0,2,0,1,0,1,1,0,0,4,0,0,0,1,0,0,1,0,0,2,0,1,0,1,1,0,0,2,1,1,1,3,1,0,1,0,0,3,1,3,2,2,0,0,2,5,1,1,0,3,0,3,0,2,1,1,1,1,1
Gene005,1,1,0,0,1,1,1,3,0,1,1,1,0,0,3,1,2,0,1,1,1,3,2,0,0,2,2,1,0,2,0,0,0,1,1,1,1,1,3,0,1,1,2,1,0,1,0,2,0,0,0,1,0,2,1,0,2,2,2,1,0,0,0,0,0,2,3,2,1,3,1,2,1,0,0,0,1,1,0,2,3,1,2,0,2,0,0,1,1,0,1,3,0,0,2,3,0,1,0,3,0,3,0,0,1,0,1,2,3,1,2,1,0,2,1,0,1,3,2,1
Gene006,0,1,3,0,2,0,0,0,1,0,1,1,2,0,1,3,2,0,1,1,1,1,0,2,0,1,1,0,1,1,2,1,0,1,1,2,1,0,2,1,4,1,1,1,0,2,0,1,0,0,2,0,2,1,1,3,1,1,0,2,1,1,3,1,1,1,2,0,1,1,0,0,0,1,2,3,0,1,0,2,1,0,2,0,0,0,0,0,0,0,1,0,0,1,0,0,0,2,2,1,0,2,0,3,1,0,3,2,2,1,0,2,1,1,0,4,0,1,0,0
Gene007,0,3,2,0,4,0,1,0,0,1,0,0,2,2,1,2,0,2,0,1,2,3,0,2,0,0,0,1,0,1,0,3,0,1,1,1,0,2,1,1,0,0,1,1,1,1,2,1,1,1,2,1,0,4,0,2,1,0,1,0,0,0,1,0,1,1,0,0,4,1,2,4,2,0,0,2,2,0,1,2,1,1,0,0,2,0,0,1,3,1,1,0,0,0,0,1,2,3,0,2,2,1,0,0,1,2,0,0,1,1,0,3,0,1,1,1,3,2,0,1
Gene008,2,0,1,2,2,2,4,3,0,0,1,0,2,2,0,0,2,2,2,1,3,1,1,3,2,1,1,0,0,2,1,0,0,0,1,1,1,3,1,1,1,3,2,1,2,0,0,3,0,3,0,2,3,1,0,1,1,1,1,0,0,0,0,3,4,0,1,0,2,0,2,0,1,0,0,0,2,0,2,0,2,1,1,4,2,2,0,3,1,0,0,3,0,0,0,0,1,3,0,0,1,1,1,1,1,0,0,1,2,1,0,1,0,0,0,1,0,2,0,0
Gene009,0,0,2,1,2,2,2,1,2,3,0,1,1,0,1,2,3,2,0,0,2,1,1,1,2,0,0,1,0,0,2,0,2,1,2,2,0,0,0,0,1,1,1,1,1,1,1,2,0,1,0,0,2,1,2,2,1,0,0,0,3,1,1,2,0,3,1,1,1,0,0,3,0,0,2,1,3,2,1,0,1,3,1,0,0,3,0,1,1,0,2,2,0,3,0,1,0,2,0,3,2,1,1,0,1,3,1,0,0,0,2,0,0,0,0,3,1,0,0,1
Gene010,0,1,1,0,0,1,2,0,1,0,1,2,0,2,0,2,2,2,1,1,0,0,1,1,1,0,2,1,0,3,1,1,1,1,2,0,0,0,1,3,0,2,1,2,0,1,0,2,2,0,1,1,0,1,0,0,0,0,1,1,0,3,1,3,3,0,1,1,0,0,1,1,0,0,1,0,0,0,2,1,0,0,1,0,0,1,3,2,0,1,1,2,0,0,0,1,2,1,0,0,1,2,0,1,2,1,0,3,1,1,0,1,0,0,2,1,2,2,0,1
Gene011,1,2,0,1,0,1,1,1,0,3,0,2,3,2,0,2,0,1,2,1,2,1,0,0,2,1,0,0,2,0,1,1,2,2,0,0,2,0,1,1,1,2,1,1,2,0,0,2,1,1,0,3,1,1,1,3,1,2,1,2,3,3,1,3,1,0,1,1,1,1,1,1,2,1,1,0,2,0,1,1,2,0,0,0,2,0,0,0,1,1,2,2,3,0,0,2,1,0,2,1,0,1,1,0,1,0,1,2,3,5,2,1,0,2,0,0,2,1,0,4
Gene012,2,2,0,1,0,0,1,1,0,1,0,1,2,2,1,1,2,0,1,1,0,0,0,1,3,2,1,2,3,3,1,0,1,1,1,0,0,0,0,2,1,0,0,0,1,1,0,1,2,1,0,1,0,1,2,0,0,0,1,1,0,1,0,1,0,0,1,2,2,0,0,1,1,3,0,0,0,2,0,1,0,1,0,0,0,3,0,3,0,0,1,0,0,0,3,2,2,2,2,2,2,0,2,2,2,1,0,0,0,1,0,1,0,0,1,2,1,2,3,1
Gene013,1,0,1,1,0,0,2,0,0,2,1,0,0,0,0,2,0,1,0,3,0,1,4,0,0,1,1,2,2,0,2,2,0,1,1,1,0,0,1,1,2,1,0,1,3,2,1,0,1,0,1,2,0,1,2,0,2,0,0,0,2,1,1,0,4,3,3,1,0,1,0,1,1,1,0,0,2,2,0,0,1,3,0,1,1,1,0,1,0,0,2,1,0,1,2,1,2,2,2,1,1,1,0,1,0,1,2,0,1,1,1,1,1,0,3,1,1,2,1,2
Gene014,1,0,0,1,0,1,1,3,1,2,0,2,0,3,0,0,0,2,1,0,3,0,1,0,3,0,0,2,2,1,1,1,1,0,1,3,0,2,2,1,1,0,0,4,0,0,1,0,1,1,4,1,1,1,1,2,0,1,1,3,1,1,2,2,0,4,0,2,2,0,0,1,1,1,1,1,3,3,0,1,2,1,0,2,0,3,2,0,1,2,4,0,0,1,1,1,1,1,2,1,2,1,1,2,0,0,1,0,2,2,0,0,1,1,2,0,1,1,2,1
Gene015,0,0,2,3,4,0,2,1,0,0,3,0,1,1,0,3,2,1,0,0,0,0,1,1,0,1,0,0,1,1,1,2,1,2,1,1,2,5,3,0,1,1,0,2,0,1,0,0,1,1,1,0,1,0,2,0,3,3,0,0,0,0,1,0,2,1,2,1,0,1,1,1,1,1,0,1,1,0,2,1,1,0,1,0,2,1,1,0,1,1,1,1,2,1,1,1,0,1,0,0,3,0,1,1,1,1,1,0,0,0,1,1,2,0,1,2,1,0,1,2
Gene016,1,1,2,0,2,4,0,3,2,0,1,1,2,0,0,1,3,0,4,1,2,0,1,1,0,2,0,2,1,1,0,2,0,0,2,3,1,2,1,0,1,0,0,2,1,1,0,3,0,2,1,0,0,0,2,0,2,1,0,1,1,0,3,0,2,1,2,2,0,0,2,1,0,1,1,2,0,2,4,0,1,4,2,1,0,0,2,2,0,1,1,1,0,3,1,1,1,1,1,1,3,0,1,2,1,0,0,0,2,1,3,1,2,1,0,1,1,1,0,2
Gene017,1,1,2,0,2,1,1,1,1,1,1,1,1,2,1,0,1,0,1,1,2,1,0,2,1,1,0,2,1,3,1,2,3,2,0,0,2,1,3,1,2,1,0,3,4,1,1,0,2,2,0,0,1,2,0,1,0,0,2,1,0,0,2,1,1,0,0,2,0,0,1,1,0,2,1,0,1,0,3,0,0,1,0,3,1,0,0,1,1,2,0,1,0,1,0,3,2,0,3,0,1,0,0,1,0,1,0,0,3,3,1,0,3,1,0,2,1,2,0,0
Gene018,2,0,2,0,2,3,1,0,1,2,2,1,0,1,0,1,0,1,1,0,2,1,0,1,3,0,1,0,0,0,1,4,0,2,1,1,1,2,1,0,1,0,1,0,0,2,2,0,1,1,1,1,1,2,1,0,1,0,0,1,1,1,0,0,1,2,0,0,2,1,2,0,2,0,0,3,0,1,0,1,1,1,3,0,2,1,1,0,0,0,0,2,0,1,1,3,2,0,0,1,1,1,2,2,0,1,1,1,0,2,2,1,0,1,3,0,0,2,0,0
Gene019,0,0,0,1,2,0,0,1,1,0,2,0,0,0,2,2,0,1,1,2,2,0,0,1,0,1,0,1,0,1,1,0,1,1,2,1,1,2,0,0,1,1,1,1,2,2,0,1,0,0,2,1,3,0,1,2,1,1,1,1,1,2,0,2,0,0,2,0,1,0,1,1,1,0,2,2,1,1,2,0,0,0,0,1,2,1,1,0,1,0,1,1,1,1,0,0,4,2,1,0,1,1,1,2,1,2,1,3,1,0,4,0,2,2,2,0,0,1,2,0
Gene020,0,1,2,0,0,0,0,0,1,0,0,1,0,0,0,0,1,1,3,0,0,2,2,1,2,1,1,0,3,0,0,3,1,0,1,0,1,0,2,1,2,4,2,1,0,1,2,2,1,2,2,0,1,1,1,2,0,0,3,3,1,2,0,0,0,1,0,0,0,3,1,0,1,1,3,0,0,2,1,0,1,1,0,2,0,1,0,1,1,3,2,0,1,0,0,0,1,0,1,3,1,0,2,0,1,2,0,1,1,1,2,1,0,1,0,0,2,0,2,0
Gene021,3,2,0,1,3,0,1,1,1,2,1,2,0,1,1,2,1,1,1,2,1,1,2,1,2,1,1,2,2,1,0,0,0,0,0,1,0,3,1,1,0,0,1,4,1,2,0,2,1,1,1,0,1,1,1,2,0,0,0,1,1,1,0,1,0,1,1,1,3,0,1,2,0,2,0,3,1,2,0,1,1,1,0,1,1,1,3,1,0,2,0,1,0,5,0,1,0,2,0,0,2,1,0,0,2,3,1,0,1,1,2,2,2,0,1,1,1,0,0,1
Gene022,1,3,1,2,0,0,1,1,1,0,1,0,1,1,0,0,0,0,0,1,0,1,1,0,2,0,1,1,2,1,0,2,1,2,1,1,0,2,0,0,1,0,0,1,0,1,2,0,1,1,0,2,1,2,2,0,1,1,4,6,0,2,2,2,2,0,0,1,1,1,2,1,2,1,1,2,2,1,1,1,3,0,0,1,1,1,1,2,0,2,3,0,3,2,0,0,1,0,0,0,2,1,0,1,2,0,1,1,2,1,0,4,1,0,1,4,0,0,0,0
Gene023,0,2,2,3,2,0,1,0,3,0,1,3,3,3,1,0,0,0,4,1,0,3,2,1,0,0,0,0,0,2,0,3,1,1,0,3,2,1,1,1,2,0,2,1,1,2,1,0,0,1,0,1,0,2,3,1,1,0,2,1,0,2,6,1,1,1,1,2,1,0,4,2,1,1,2,0,2,2,0,1,2,1,0,2,2,1,1,0,0,0,0,0,0,0,1,0,1,1,0,1,1,1,1,0,0,4,2,1,1,1,0,1,0,2,0,0,1,1,1,2
Gene024,0,1,0,0,1,1,0,1,1,0,1,2,5,0,1,1,0,0,1,0,0,1,1,0,1,1,0,1,2,0,1,1,1,2,3,0,0,1,1,2,0,1,2,3,1,3,3,0,0,2,0,2,1,2,2,2,2,0,0,2,2,2,0,1,2,1,0,1,1,4,1,0,0,1,2,0,1,0,0,0,1,1,2,4,1,0,1,1,0,1,1,1,0,2,0,3,2,2,0,0,2,2,1,2,0,2,1,1,2,0,0,0,1,1,3,2,1,0,0,0
Gene025,0,0,1,1,0,0,0,1,1,0,2,1,1,1,2,1,1,3,0,0,1,0,1,2,2,1,2,0,2,1,1,1,1,0,1,0,0,2,0,0,1,2,0,1,0,3,4,2,3,2,0,1,0,0,0,0,0,0,0,0,2,1,1,1,3,0,2,1,1,2,2,0,3,0,2,2,1,3,4,1,2,0,0,1,1,3,1,0,0,0,2,0,0,1,0,2,1,2,0,0,3,1,1,0,1,2,1,1,1,0,0,0,0,0,1,0,0,1,1,1
Gene026,1,2,2,0,5,1,3,2,3,0,1,1,1,2,2,3,1,0,1,0,0,0,2,0,4,1,1,2,0,1,1,0,2,3,0,0,3,0,0,0,0,1,1,2,1,0,1,0,0,0,0,0,0,1,0,1,1,2,0,0,1,1,0,2,2,1,0,0,1,0,0,2,2,0,1,1,2,1,3,0,1,0,1,2,1,4,0,0,0,1,1,1,0,2,1,2,3,1,4,1,1,1,0,0,1,1,2,0,1,3,3,1,1,1,0,1,1,0,0,2
Gene027,1,1,2,2,1,2,1,2,2,0,2,2,2,1,2,0,0,2,1,1,0,1,0,1,2,1,1,0,1,0,0,0,2,1,2,1,0,0,1,0,2,0,1,2,0,1,2,0,1,0,0,2,1,3,0,0,0,4,1,1,1,1,3,1,0,0,2,0,2,1,0,1,1,0,1,0,2,1,1,1,1,0,0,1,0,0,1,1,2,0,2,3,1,0,2,1,2,0,0,1,0,1,1,0,1,1,2,1,0,3,2,3,2,1,3,0,2,1,1,0
Gene028,3,0,0,3,0,0,2,2,3,1,0,2,2,3,0,1,1,0,3,1,0,0,0,2,0,3,0,1,0,0,2,1,0,2,1,0,0,1,1,1,0,0,1,1,0,1,0,0,2,1,1,0,0,1,0,0,1,0,1,1,5,0,2,0,1,0,2,2,0,1,1,4,1,0,2,0,2,0,2,2,3,0,1,0,0,0,0,1,1,0,0,2,4,1,2,0,2,1,2,0,1,2,0,0,0,1,2,3,0,0,1,0,1,1,0,1,0,1,3,0
Gene029,0,1,1,1,0,3,1,1,1,0,1,1,1,0,0,1,1,1,0,1,2,2,0,1,2,1,2,1,0,2,2,0,0,1,1,1,1,2,1,0,0,2,1,2,1,0,1,0,0,0,0,2,1,1,0,1,0,2,1,0,3,1,0,2,2,1,0,1,0,1,1,0,0,0,1,0,2,1,0,1,2,2,2,3,1,0,0,1,1,1,1,1,2,0,0,1,1,1,1,3,1,1,0,2,0,0,0,1,0,1,1,1,1,0,2,3,2,2,0,0
Gene030,4,0,0,0,0,0,0,1,0,5,1,0,0,1,3,2,1,1,1,2,2,2,1,2,2,1,1,1,1,0,1,1,0,0,3,1,0,0,1,0,2,1,2,1,1,1,0,0,1,0,1,0,1,0,1,0,0,0,0,1,0,1,0,2,0,1,0,4,0,0,1,0,1,2,0,1,2,0,2,2,0,1,1,0,3,2,2,1,0,5,1,2,0,0,0,0,1,0,1,0,1,1,2,1,0,0,1,1,1,0,2,1,2,0,4,0,0,2,2,1
Gene031,0,1,2,1,0,1,3,0,0,1,0,1,2,1,2,2,0,1,1,1,2,2,1,0,1,1,0,1,0,2,0,2,2,1,1,0,3,1,0,1,2,0,1,1,1,1,1,2,0,0,2,3,0,0,1,2,1,4,1,1,0,3,0,0,0,2,1,0,3,3,2,0,0,2,1,0,2,2,0,0,1,1,0,2,0,0,0,2,0,1,0,0,1,0,1,1,0,2,1,2,0,1,4,2,2,0,1,2,4,0,2,1,1,2,0,4,1,0,1,0
Gene032,1,2,1,0,1,0,1,2,3,1,0,1,1,2,1,0,1,0,1,2,1,2,0,0,0,1,1,4,2,0,2,2,0,2,2,1,3,1,2,1,0,0,0,0,0,1,0,0,1,0,2,1,1,2,0,1,3,2,0,1,1,2,1,2,0,2,2,2,0,2,1,0,2,0,2,2,4,0,3,0,2,0,1,0,1,3,1,0,0,1,0,3,0,0,0,2,2,0,1,1,0,2,0,2,1,1,0,0,0,0,1,2,1,0,0,2,0,0,1,0
Gene033,2,2,0,2,1,2,0,1,0,2,2,0,1,0,0,2,0,0,1,2,2,2,1,3,0,2,0,0,0,0,1,2,2,0,0,1,0,1,2,0,1,2,1,1,1,1,0,1,1,5,1,1,1,0,1,2,1,0,3,0,0,2,0,1,1,0,0,1,0,1,1,2,2,0,1,0,4,1,0,2,2,2,1,1,2,2,0,1,0,3,1,1,0,3,0,2,0,2,0,3,1,1,1,1,1,0,0,1,0,1,1,0,1,0,0,1,0,1,2,1
Gene034,3,0,1,2,2,2,1,1,1,1,0,0,1,0,0,0,1,2,0,0,2,1,0,1,1,0,0,0,0,1,1,0,1,1,2,3,1,0,1,2,1,1,1,0,1,3,0,0,2,0,2,0,1,0,1,0,2,0,0,0,0,0,0,1,3,1,0,2,1,0,1,0,0,2,1,0,0,0,0,0,1,0,1,1,2,0,0,1,1,0,0,1,0,0,0,1,4,3,0,0,0,2,0,5,0,2,1,0,2,2,1,0,2,0,0,1,1,1,0,2
Gene035,0,1,2,0,1,2,1,0,1,1,1,1,1,1,1,2,0,0,0,2,1,1,3,4,1,2,0,1,1,0,1,0,0,1,2,0,1,0,0,0,0,2,1,0,1,2,0,3,2,2,1,1,1,0,1,2,1,2,2,2,1,0,0,1,1,2,2,1,1,0,2,0,0,2,2,1,1,0,1,0,0,0,3,1,2,1,2,0,0,1,1,1,1,1,3,3,1,2,2,0,2,2,1,1,2,0,1,0,1,1,0,1,2,0,0,2,3,2,1,0
Gene036,0,1,0,2,1,2,0,0,1,0,0,1,2,0,0,2,1,0,0,0,2,1,0,2,2,0,1,2,0,0,2,0,1,0,1,2,1,0,0,0,0,1,2,1,0,3,2,2,2,3,1,1,1,1,5,0,0,1,1,1,0,1,1,0,1,3,0,4,4,2,2,2,2,2,0,0,0,1,0,1,0,4,0,2,0,1,1,0,0,0,0,2,0,2,4,1,0,0,1,3,0,1,2,0,2,0,1,0,0,0,1,0,0,1,4,2,1,0,1,1
Gene037,1,3,1,0,1,0,0,0,0,2,0,0,1,0,1,0,0,2,0,1,2,0,0,0,1,1,0,0,3,4,3,0,2,1,0,1,2,1,2,3,1,1,3,0,1,2,2,1,2,0,0,0,1,1,0,2,1,1,0,1,1,1,2,1,0,2,2,0,0,1,4,0,3,0,1,0,1,3,0,1,0,1,2,2,1,1,2,2,0,0,0,0,1,0,0,0,3,2,0,0,3,0,1,2,2,1,1,0,2,1,2,1,1,1,0,1,0,2,0,2
Gene038,0,1,2,2,2,0,1,5,0,3,2,0,0,1,1,2,1,2,1,1,0,0,2,3,1,0,2,1,0,0,2,1,2,0,2,2,2,1,1,1,1,0,2,1,0,1,3,0,0,0,0,0,0,2,2,1,1,2,0,1,1,1,2,1,0,1,0,0,2,1,1,1,1,0,2,1,0,1,2,0,0,1,1,3,1,2,2,1,3,1,2,1,1,1,1,0,1,0,1,0,0,1,0,0,1,4,0,1,1,1,0,0,1,0,0,0,0,0,1,2
Gene039,2,0,0,2,2,0,2,2,0,5,1,0,0,0,0,3,1,1,1,0,1,0,0,1,1,3,0,0,2,2,1,1,0,1,0,1,0,1,0,0,1,1,1,1,0,0,3,3,0,4,1,0,2,1,0,1,0,0,1,1,1,1,1,0,1,1,1,1,2,1,0,0,2,1,0,3,0,1,0,0,0,1,3,0,0,2,0,0,2,0,2,0,2,2,1,0,0,1,1,1,1,2,0,2,1,0,1,0,2,2,1,0,1,2,1,1,3,2,0,3
Gene040,1,1,2,2,1,0,0,1,0,1,0,2,2,1,2,1,0,1,2,0,0,1,2,1,2,0,3,0,2,1,1,0,0,0,1,1,0,3,2,0,2,0,0,1,1,2,1,2,0,0,1,3,2,1,0,1,3,1,1,2,1,1,2,1,1,0,1,0,1,0,0,2,1,1,1,1,0,0,0,0,1,0,1,4,0,1,1,2,1,1,2,2,1,1,1,2,0,1,1,2,4,1,0,1,3,2,2,1,0,1,1,2,2,0,2,1,1,3,1,2
APP,4,6,5,2,6,5,8,8,6,5,8,9,3,6,7,6,4,4,7,8,4,6,7,4,5,6,6,3,4,4,7,11,5,5,11,4,4,5,3,4,5,6,2,5,5,7,2,9,6,1,7,5,3,9,2,7,8,9,4,7,8,6,9,6,6,9,4,4,7,3,3,5,3,4,6,4,5,3,7,10,5,5,10,5,9,11,6,9,7,7,6,8,3,3,6,1,5,3,5,6,5,5,8,6,10,7,1,11,4,2,6,4,6,7,7,12,8,1,9,4
ACTB,8,8,8,6,3,8,8,9,3,2,3,9,5,6,4,5,3,2,8,6,2,4,6,4,6,4,9,9,8,5,6,8,9,8,2,11,7,4,5,8,8,4,7,13,9,6,6,8,7,5,4,5,4,5,7,2,6,7,7,4,8,6,8,2,6,9,8,7,9,8,4,2,7,3,15,5,8,8,7,4,3,1,9,7,10,7,12,3,5,2,7,6,10,4,9,3,4,6,9,10,9,5,8,4,5,10,4,5,4,7,5,7,7,4,7,9,5,7,8,10
SNAP25,1,0,3,0,0,1,2,1,1,0,2,1,2,1,1,3,1,2,5,1,3,1,1,3,0,0,0,0,2,0,1,0,0,0,0,2,5,1,1,0,1,1,2,2,2,1,4,1,0,1,1,1,0,1,1,0,0,2,3,1,0,1,1,1,0,1,0,1,1,2,0,0,1,1,1,0,0,1,3,0,24,15,20,14,14,18,14,13,17,14,16,16,10,15,19,17,15,17,15,16,23,16,12,21,14,12,15,16,14,17,17,20,13,16,17,16,15,14,17,16
