cell_id,cell
1,D04_0
2,D04_22
3,D04_6
4,D04_12
5,D04_2
6,D04_3
7,D04_10
8,D04_5
9,D04_7
10,D04_16
11,D04_14
12,D04_1
13,D04_26
14,D04_17
15,D04_13
16,D04_33
17,D04_18
18,D04_9
19,D04_4
20,D04_11
21,D04_24
22,D04_31
23,D04_30
24,D04_32
25,D04_35
26,D04_34
27,D04_27
28,D04_25
29,D04_36
30,D04_39
31,D04_38
32,D04_40
33,D04_43
34,D04_46
35,D04_41
36,D04_47
37,D04_42
38,D04_49
39,D04_52
40,D04_48
41,D04_57
42,D04_55
43,D04_50
44,D04_54
45,D04_62
46,D04_66
47,D04_60
48,D04_51
49,D04_64
50,D04_67
51,D04_72
52,D04_69
53,D04_68
54,D04_71
55,D04_74
56,D04_77
57,D04_82
58,H08_11
59,H08_12
60,H08_0
61,H08_6
62,H08_7
63,H08_17
64,H08_9
65,H08_37
66,H08_8
67,H08_15
68,H08_2
69,H08_40
70,H08_3
71,H08_4
72,H08_20
73,H08_32
74,H08_59
75,H08_22
76,H08_10
77,H08_21
78,H08_13
79,H08_24
80,H08_48
81,H08_5
82,H08_26
83,H08_49
84,H08_44
85,H08_46
86,H08_39
87,H08_54
88,H08_30
89,H08_60
90,H08_25
91,H08_29
92,H08_43
93,H08_14
94,H08_56
95,H08_18
96,H08_65
97,H08_55
98,H08_71
99,H08_57
100,H08_52
101,H08_51
102,H08_75
103,H08_72
104,H08_58
105,H08_64
106,H08_80
107,H08_62
108,H08_66
109,H08_76
110,H08_69
111,H08_70
112,H08_73
113,H08_84
114,H08_68
115,H08_77
116,H08_91
117,H08_78
118,H08_83
119,H08_88
120,H08_92
121,H08_85
122,H08_81
123,H08_99
124,H08_112
125,H08_90
126,H08_98
127,H08_94
128,H08_100
129,H08_102
130,H08_109
131,H08_103
132,H08_107
133,H08_105
134,H08_108
135,H08_127
136,H08_119
137,H08_111
138,H08_115
139,H08_120
140,H08_139
141,H08_122
142,H08_128
143,H08_125
144,H08_143
145,H08_132
146,H08_135
147,H08_124
148,H08_141
149,H08_136
150,H08_131
151,H08_144
152,H08_148
153,H08_146
154,H08_151
155,H08_157
156,H08_145
157,H08_162
158,G08_2
159,G08_0
160,G08_24
161,G08_29
162,G08_35
163,G08_50
164,G08_32
165,G08_6
166,G08_61
167,G08_46
168,G08_3
169,G08_5
170,G08_53
171,G08_15
172,G08_28
173,G08_18
174,G08_42
175,G08_23
176,G08_4
177,G08_11
178,G08_10
179,G08_21
180,G08_22
181,G08_31
182,G08_14
183,G08_30
184,G08_39
185,G08_33
186,G08_45
187,G08_60
188,G08_59
189,G08_44
190,G08_48
191,G08_57
192,G08_34
193,G08_38
194,G08_37
195,G08_26
196,G08_41
197,G08_49
198,G08_71
199,G08_16
200,G08_69
201,G08_67
202,G08_55
203,G08_47
204,G08_66
205,G08_13
206,G08_9
207,G08_76
208,G08_64
209,G08_63
210,G08_70
211,G08_62
212,G08_25
213,G08_79
214,G08_52
215,G08_65
216,G08_72
217,G08_77
218,G08_73
219,G08_82
220,G08_108
221,G08_84
222,G08_95
223,G08_89
224,G08_96
225,G08_100
226,G08_121
227,G08_114
228,G08_93
229,G08_88
230,G08_91
231,G08_110
232,G08_104
233,G08_87
234,G08_81
235,G08_94
236,G08_116
237,G08_106
238,G08_118
239,G08_99
240,G08_113
241,G08_111
242,G08_90
243,G08_126
244,G08_117
245,G08_119
246,G08_98
247,G08_122
248,G08_123
249,G08_109
250,G08_141
251,G08_147
252,G08_124
253,G08_153
254,G08_120
255,G08_133
256,G08_125
257,G08_129
258,G08_112
259,G08_132
260,G08_137
261,G08_134
262,G08_128
263,G08_136
264,G08_135
265,G08_130
266,G08_150
267,G08_154
268,G08_176
269,G08_143
270,G08_158
271,G08_148
272,G08_144
273,G08_131
274,G08_97
275,G08_139
276,G08_146
277,G08_178
278,G08_161
279,G08_177
280,G08_186
281,G08_168
282,G08_165
283,G08_151
284,G08_172
285,G08_152
286,G08_142
287,G08_156
288,G08_203
289,G08_167
290,G08_166
291,G08_169
292,G08_179
293,G08_183
294,G08_160
295,G08_206
296,G08_157
297,G08_220
298,G08_170
299,G08_175
300,G08_180
301,G08_196
302,G08_174
303,G08_171
304,G08_181
305,G08_164
306,G08_173
307,G08_189
308,G08_184
309,G08_213
310,G08_190
311,G08_191
312,G08_192
313,G08_193
314,G08_187
315,G08_197
316,G08_204
317,G08_127
318,G08_200
319,G08_208
320,G08_202
321,G08_233
322,G08_195
323,G08_218
324,G08_230
325,G08_155
326,G08_210
327,G08_232
328,G08_211
329,G08_228
330,G08_212
331,G08_216
332,G08_217
333,G08_221
334,G08_224
335,G08_199
336,G08_238
337,G08_229
338,G08_223
339,G08_226
340,G08_235
341,G08_219
342,G08_239
343,G08_241
344,G08_236
345,G08_215
346,H04_0
347,H04_28
348,H04_30
349,H04_22
350,H04_23
351,H04_27
352,H04_20
353,H04_25
354,H04_13
355,H04_46
356,H04_26
357,H04_21
358,H04_19
359,H04_31
360,H04_24
361,H04_29
362,H04_16
363,H04_7
364,H04_17
365,H04_15
366,H04_5
367,H04_18
368,H04_34
369,H04_12
370,H04_33
371,H04_52
372,H04_35
373,H04_4
374,H04_36
375,H04_10
376,H04_8
377,H04_2
378,H04_14
379,H04_40
380,H04_50
381,H04_58
382,H04_32
383,H04_6
384,H04_51
385,H04_41
386,H04_60
387,H04_47
388,H04_43
389,H04_64
390,H04_65
391,H04_61
392,H04_45
393,H04_66
394,H04_59
395,H04_57
396,H04_67
397,H04_76
398,H04_68
399,H04_73
400,H04_82
401,H04_69
402,H04_63
403,H04_75
404,H04_86
405,H04_78
406,H04_83
407,H04_79
408,H04_74
409,H04_77
410,H04_89
411,H04_81
412,H04_92
413,H04_84
414,H04_85
415,H04_98
416,H04_88
417,H04_97
418,H04_111
419,H04_96
420,H04_101
421,H04_107
422,H04_95
423,H04_90
424,H04_104
425,H04_94
426,H04_126
427,H04_110
428,H04_102
429,H04_112
430,H04_117
431,H04_124
432,H04_108
433,H04_114
434,H04_115
435,H04_118
436,H04_122
437,H04_113
438,H04_119
439,D09_46
440,D09_0
441,D09_3
442,D09_37
443,D09_12
444,D09_25
445,D09_43
446,D09_13
447,D09_24
448,D09_71
449,D09_2
450,D09_95
451,D09_14
452,D09_22
453,D09_49
454,D09_54
455,D09_27
456,D09_44
457,D09_64
458,D09_39
459,D09_62
460,D09_58
461,D09_38
462,D09_35
463,D09_36
464,D09_33
465,D09_41
466,D09_102
467,D09_76
468,D09_8
469,D09_19
470,D09_45
471,D09_9
472,D09_16
473,D09_73
474,D09_51
475,D09_10
476,D09_75
477,D09_66
478,D09_18
479,D09_70
480,D09_28
481,D09_42
482,D09_61
483,D09_20
484,D09_17
485,D09_1
486,D09_83
487,D09_26
488,D09_23
489,D09_4
490,D09_34
491,D09_32
492,D09_56
493,D09_115
494,D09_7
495,D09_69
496,D09_79
497,D09_48
498,D09_81
499,D09_6
500,D09_78
501,D09_88
502,D09_31
503,D09_80
504,D09_72
505,D09_85
506,D09_84
507,D09_107
508,D09_93
509,D09_90
510,D09_67
511,D09_86
512,D09_118
513,D09_105
514,D09_59
515,D09_132
516,D09_98
517,D09_122
518,D09_87
519,D09_113
520,D09_111
521,D09_109
522,D09_119
523,D09_101
524,D09_104
525,D09_129
526,D09_106
527,D09_108
528,D09_123
529,D09_96
530,D09_114
531,D09_128
532,D09_152
533,D09_133
534,D09_121
535,D09_138
536,D09_117
537,D09_153
538,D09_146
539,D09_116
540,D09_139
541,D09_161
542,D09_140
543,D09_103
544,D09_130
545,D09_127
546,D09_149
547,D09_136
548,D09_135
549,D09_151
550,D09_134
551,D09_150
552,D09_143
553,D09_137
554,D09_141
555,D09_94
556,D09_166
557,D09_194
558,D09_157
559,D09_162
560,D09_183
561,D09_173
562,D09_154
563,D09_176
564,D09_175
565,D09_155
566,D09_165
567,D09_142
568,D09_171
569,D09_178
570,D09_188
571,D09_170
572,D09_174
573,D09_190
574,D09_169
575,D09_187
576,D09_181
577,D09_185
578,D09_182
579,D09_198
580,D09_199
581,D09_180
582,D09_179
583,D09_224
584,D09_196
585,D09_158
586,D09_197
587,D09_207
588,D09_193
589,D09_205
590,D09_206
591,D09_191
592,D09_233
593,D09_204
594,D09_230
595,D09_213
596,D09_228
597,D09_219
598,D09_234
599,D09_202
600,D09_216
601,D09_208
602,D09_218
603,D09_215
604,D09_232
605,D09_226
606,D09_220
607,D09_223
608,D09_221
609,D09_210
610,D09_245
611,D09_229
612,D09_225
613,D09_231
614,D09_222
615,D09_212
616,D09_214
617,D09_242
618,D09_244
619,D09_255
620,D09_262
621,D09_239
622,D09_247
623,D09_259
624,D09_246
625,D09_248
626,D09_253
627,D09_240
628,D09_252
629,D09_257
630,D09_260
631,D09_261
632,D09_227
633,D09_251
634,D09_254
635,D09_270
636,D09_269
637,G07_0
638,G07_5
639,G07_8
640,G07_14
641,G07_6
642,G07_17
643,G07_2
644,G07_13
645,G07_20
646,G07_16
647,G07_15
648,G07_4
649,G07_9
650,G07_3
651,G07_35
652,G07_28
653,G07_26
654,G07_24
655,G07_21
656,G07_27
657,G07_29
658,G07_33
659,G07_38
660,G07_41
661,G07_42
662,G07_40
663,G07_31
664,G07_50
665,G07_49
666,G07_65
667,G07_45
668,G07_67
669,G07_53
670,G07_55
671,G07_52
672,G07_57
673,G07_58
674,G07_63
675,G07_68
676,G07_70
677,G07_91
678,G07_76
679,G07_78
680,G07_79
681,G07_93
682,G07_80
683,G07_84
684,G07_90
685,G07_88
686,G07_98
687,G07_89
688,G07_86
689,G07_94
690,G07_96
691,G07_97
692,G07_100
693,G07_106
694,G07_108
695,G07_101
696,G07_109
697,G07_116
698,G07_115
699,G07_112
700,G07_125
701,G07_111
702,G07_110
703,G07_103
704,G07_118
705,G07_124
706,G07_121
707,G07_119
708,C04_0
709,C04_3
710,C04_12
711,C04_13
712,C04_24
713,C04_34
714,C04_37
715,C04_25
716,C04_38
717,C04_23
718,C04_28
719,C04_5
720,C04_33
721,C04_10
722,C04_27
723,C04_35
724,C04_56
725,C04_39
726,C04_11
727,C04_36
728,C04_42
729,C04_9
730,C04_19
731,C04_32
732,C04_52
733,C04_21
734,C04_15
735,C04_8
736,C04_40
737,C04_16
738,C04_4
739,C04_30
740,C04_20
741,C04_49
742,C04_50
743,C04_18
744,C04_26
745,C04_1
746,C04_17
747,C04_53
748,C04_58
749,C04_51
750,C04_45
751,C04_31
752,C04_48
753,C04_55
754,C04_14
755,C04_61
756,C04_54
757,C04_44
758,C04_46
759,C04_47
760,C04_59
761,C04_64
762,C04_69
763,C04_63
764,C04_60
765,C04_76
766,C04_62
767,C04_65
768,C04_70
769,C04_66
770,C04_78
771,C04_74
772,C04_68
773,C04_67
774,C04_90
775,C04_73
776,C04_83
777,C04_77
778,C04_82
779,C04_81
780,C04_84
781,C04_88
782,C04_89
783,C04_75
784,C04_80
785,C04_87
786,C04_72
787,C04_79
788,C04_85
789,C04_92
790,C04_97
791,C04_101
792,C04_86
793,C04_93
794,C04_100
795,C04_91
796,C04_106
797,C04_96
798,C04_99
799,C04_94
800,C04_108
801,C04_95
802,C04_107
803,C04_104
804,C04_98
805,C04_111
806,C04_105
807,C04_110
808,C04_116
809,C04_103
810,C04_112
811,C04_109
812,C04_117
813,C04_115
814,H05_0
815,H05_4
816,H05_5
817,H05_21
818,H05_9
819,H05_1
820,H05_11
821,H05_15
822,H05_22
823,H05_18
824,H05_27
825,H05_24
826,H05_2
827,H05_6
828,H05_16
829,H05_25
830,H05_7
831,H05_13
832,H05_23
833,H05_8
834,H05_14
835,H05_20
836,H05_17
837,H05_37
838,H05_30
839,H05_33
840,H05_31
841,H05_47
842,H05_39
843,H05_42
844,H05_43
845,H05_32
846,H05_10
847,H05_36
848,H05_51
849,H05_52
850,H05_49
851,H05_50
852,H05_45
853,H05_41
854,H05_55
855,H05_40
856,H05_62
857,H05_54
858,H05_53
859,H05_59
860,H05_60
861,H05_58
862,H05_64
863,H05_61
864,H05_57
865,H05_73
866,H05_67
867,H05_70
868,H05_66
869,H05_72
870,H05_75
871,H05_78
872,H05_81
873,H05_74
874,H05_77
875,H05_84
876,H05_86
877,H05_80
878,H05_88
879,H05_87
880,H05_92
881,H05_79
882,F09_0
883,F09_72
884,F09_1
885,F09_104
886,F09_3
887,F09_37
888,F09_5
889,F09_43
890,F09_26
891,F09_40
892,F09_48
893,F09_55
894,F09_9
895,F09_44
896,F09_35
897,F09_7
898,F09_49
899,F09_15
900,F09_66
901,F09_78
902,F09_16
903,F09_46
904,F09_14
905,F09_18
906,F09_42
907,F09_60
908,F09_28
909,F09_33
910,F09_11
911,F09_20
912,F09_2
913,F09_50
914,F09_56
915,F09_57
916,F09_73
917,F09_12
918,F09_83
919,F09_71
920,F09_25
921,F09_69
922,F09_81
923,F09_87
924,F09_82
925,F09_89
926,F09_67
927,F09_102
928,F09_74
929,F09_86
930,F09_62
931,F09_79
932,F09_88
933,F09_85
934,F09_103
935,F09_70
936,F09_80
937,F09_92
938,F09_99
939,F09_114
940,F09_96
941,F09_106
942,F09_108
943,F09_98
944,F09_118
945,F09_100
946,F09_109
947,F09_107
948,F09_95
949,F09_105
950,F09_94
951,F09_112
952,F09_113
953,F09_111
954,F09_115
955,F09_110
956,F09_101
957,F09_123
958,F09_117
959,F09_121
960,F09_124
961,F09_122
962,F09_132
963,F09_116
964,F09_144
965,F09_119
966,F09_120
967,F09_129
968,F09_136
969,F09_125
970,F09_135
971,F09_128
972,F09_130
973,F09_146
974,F09_150
975,F09_142
976,F09_145
977,F09_148
978,F09_126
979,F09_127
980,F09_137
981,F09_179
982,F09_134
983,F09_181
984,F09_138
985,F09_143
986,F09_141
987,F09_133
988,F09_178
989,F09_151
990,F09_159
991,F09_154
992,F09_140
993,F09_180
994,F09_163
995,F09_147
996,F09_139
997,F09_156
998,F09_161
999,F09_153
1000,F09_152
1001,F09_176
1002,F09_155
1003,F09_157
1004,F09_165
1005,F09_192
1006,F09_167
1007,F09_172
1008,F09_168
1009,F09_183
1010,F09_162
1011,F09_174
1012,F09_169
1013,F09_171
1014,F09_184
1015,F09_166
1016,F09_186
1017,F09_236
1018,F09_188
1019,F09_185
1020,F09_196
1021,F09_190
1022,F09_191
1023,F09_193
1024,F09_195
1025,F09_248
1026,F09_177
1027,F09_225
1028,F09_197
1029,F09_220
1030,F09_221
1031,F09_175
1032,F09_187
1033,F09_182
1034,F09_209
1035,F09_198
1036,F09_226
1037,F09_205
1038,F09_204
1039,F09_239
1040,F09_202
1041,F09_203
1042,F09_217
1043,F09_210
1044,F09_215
1045,F09_218
1046,F09_189
1047,F09_244
1048,F09_222
1049,F09_214
1050,F09_207
1051,F09_213
1052,F09_229
1053,F09_231
1054,F09_201
1055,F09_232
1056,F09_224
1057,F09_223
1058,F09_230
1059,F09_233
1060,F09_247
1061,F09_251
1062,F09_237
1063,F09_219
1064,F09_228
1065,F09_243
1066,F09_245
1067,F09_211
1068,F09_234
1069,F09_238
1070,F09_250
1071,F09_253
1072,F09_259
1073,F09_264
1074,F09_246
1075,C06_8
1076,C06_0
1077,C06_20
1078,C06_14
1079,C06_25
1080,C06_35
1081,C06_4
1082,C06_36
1083,C06_23
1084,C06_6
1085,C06_13
1086,C06_11
1087,C06_32
1088,C06_17
1089,C06_22
1090,C06_21
1091,C06_50
1092,C06_2
1093,C06_1
1094,C06_34
1095,C06_24
1096,C06_12
1097,C06_3
1098,C06_18
1099,C06_19
1100,C06_15
1101,C06_29
1102,C06_44
1103,C06_59
1104,C06_31
1105,C06_5
1106,C06_16
1107,C06_37
1108,C06_33
1109,C06_38
1110,C06_39
1111,C06_40
1112,C06_46
1113,C06_51
1114,C06_53
1115,C06_45
1116,C06_43
1117,C06_65
1118,C06_30
1119,C06_48
1120,C06_49
1121,C06_78
1122,C06_76
1123,C06_63
1124,C06_47
1125,C06_61
1126,C06_56
1127,C06_60
1128,C06_68
1129,C06_112
1130,C06_58
1131,C06_94
1132,C06_66
1133,C06_67
1134,C06_95
1135,C06_74
1136,C06_70
1137,C06_87
1138,C06_75
1139,C06_84
1140,C06_107
1141,C06_72
1142,C06_80
1143,C06_109
1144,C06_111
1145,C06_73
1146,C06_88
1147,C06_98
1148,C06_79
1149,C06_90
1150,C06_89
1151,C06_101
1152,C06_64
1153,C06_106
1154,C06_55
1155,C06_91
1156,C06_82
1157,C06_54
1158,C06_92
1159,C06_86
1160,C06_97
1161,C06_83
1162,C06_96
1163,C06_100
1164,C06_71
1165,C06_104
1166,C06_130
1167,C06_140
1168,C06_102
1169,C06_85
1170,C06_116
1171,C06_142
1172,C06_118
1173,C06_113
1174,C06_131
1175,C06_126
1176,C06_110
1177,C06_103
1178,C06_69
1179,C06_120
1180,C06_151
1181,C06_114
1182,C06_119
1183,C06_121
1184,C06_124
1185,C06_134
1186,C06_122
1187,C06_129
1188,C06_125
1189,C06_147
1190,C06_137
1191,C06_143
1192,C06_117
1193,C06_144
1194,C06_136
1195,C06_161
1196,C06_127
1197,C06_156
1198,C06_177
1199,C06_132
1200,C06_135
1201,C06_162
1202,C06_187
1203,C06_128
1204,C06_146
1205,C06_170
1206,C06_139
1207,C06_165
1208,C06_155
1209,C06_153
1210,C06_173
1211,C06_158
1212,C06_168
1213,C06_145
1214,C06_148
1215,C06_157
1216,C06_141
1217,C06_138
1218,C06_150
1219,C06_159
1220,C06_160
1221,C06_164
1222,C06_176
1223,C06_167
1224,C06_172
1225,C06_166
1226,C06_169
1227,C06_163
1228,C06_149
1229,C06_186
1230,C06_180
1231,C06_175
1232,C06_179
1233,C06_174
1234,C06_181
1235,C06_191
1236,C06_183
1237,C06_182
1238,C06_184
1239,C06_193
1240,C06_192
1241,C06_189
1242,C06_185
1243,C06_190
1244,C06_196
1245,C06_194
1246,C06_198
1247,C06_197
1248,C06_201
1249,C03_7
1250,C03_0
1251,C03_13
1252,C03_29
1253,C03_12
1254,C03_27
1255,C03_20
1256,C03_21
1257,C03_5
1258,C03_3
1259,C03_16
1260,C03_26
1261,C03_37
1262,C03_18
1263,C03_40
1264,C03_47
1265,C03_23
1266,C03_17
1267,C03_8
1268,C03_35
1269,C03_15
1270,C03_11
1271,C03_2
1272,C03_38
1273,C03_22
1274,C03_9
1275,C03_43
1276,C03_25
1277,C03_44
1278,C03_39
1279,C03_50
1280,C03_61
1281,C03_46
1282,C03_6
1283,C03_30
1284,C03_45
1285,C03_34
1286,C03_49
1287,C03_4
1288,C03_19
1289,C03_32
1290,C03_57
1291,C03_58
1292,C03_1
1293,C03_51
1294,C03_55
1295,C03_64
1296,C03_62
1297,C03_56
1298,C03_65
1299,C03_59
1300,C03_54
1301,C03_60
1302,C03_77
1303,C03_68
1304,C03_84
1305,C03_70
1306,C03_67
1307,C03_73
1308,C03_82
1309,C03_75
1310,C03_81
1311,C03_76
1312,C03_78
1313,C03_88
1314,C03_95
1315,C03_80
1316,C03_83
1317,C03_74
1318,C03_96
1319,C03_79
1320,C03_86
1321,C03_98
1322,C03_92
1323,C03_97
1324,C03_104
1325,C03_89
1326,C03_69
1327,C03_103
1328,C03_93
1329,C03_99
1330,C03_109
1331,C03_106
1332,C03_108
1333,C03_105
1334,C03_100
1335,C03_127
1336,C03_107
1337,C03_122
1338,C03_132
1339,C03_113
1340,C03_114
1341,C03_116
1342,C03_120
1343,C03_118
1344,C03_123
1345,C03_117
1346,C03_115
1347,C03_135
1348,C03_124
1349,C03_128
1350,C03_131
1351,C03_129
1352,C03_136
1353,C03_125
1354,C03_138
1355,C03_126
1356,G03_0
1357,G03_15
1358,G03_7
1359,G03_25
1360,G03_40
1361,G03_18
1362,G03_45
1363,G03_13
1364,G03_26
1365,G03_29
1366,G03_66
1367,G03_86
1368,G03_75
1369,G03_68
1370,G03_73
1371,G03_63
1372,G03_37
1373,G03_2
1374,G03_47
1375,G03_71
1376,G03_55
1377,G03_36
1378,G03_56
1379,G03_77
1380,G03_60
1381,G03_28
1382,G03_24
1383,G03_21
1384,G03_67
1385,G03_16
1386,G03_79
1387,G03_1
1388,G03_69
1389,G03_57
1390,G03_46
1391,G03_54
1392,G03_42
1393,G03_20
1394,G03_33
1395,G03_23
1396,G03_70
1397,G03_39
1398,G03_78
1399,G03_74
1400,G03_89
1401,G03_9
1402,G03_49
1403,G03_51
1404,G03_41
1405,G03_31
1406,G03_94
1407,G03_17
1408,G03_4
1409,G03_96
1410,G03_59
1411,G03_85
1412,G03_50
1413,G03_82
1414,G03_5
1415,G03_32
1416,G03_61
1417,G03_84
1418,G03_72
1419,G03_92
1420,G03_95
1421,G03_97
1422,G03_88
1423,G03_102
1424,G03_83
1425,G03_93
1426,G03_87
1427,G03_12
1428,G03_107
1429,G03_103
1430,G03_108
1431,G03_110
1432,G03_114
1433,G03_101
1434,G03_105
1435,G03_109
1436,G03_100
1437,G03_106
1438,G03_113
1439,G03_130
1440,G03_111
1441,G03_118
1442,G03_117
1443,G03_98
1444,G03_129
1445,G03_135
1446,G03_120
1447,G03_125
1448,G03_122
1449,G03_123
1450,G03_128
1451,G03_139
1452,G03_133
1453,G03_134
1454,G03_131
1455,G03_140
1456,G03_126
1457,G03_151
1458,G03_162
1459,G03_145
1460,G03_136
1461,G03_156
1462,G03_153
1463,G03_142
1464,G03_154
1465,G03_147
1466,G03_137
1467,G03_168
1468,G03_175
1469,G03_155
1470,G03_150
1471,G03_152
1472,G03_161
1473,G03_169
1474,G03_170
1475,G03_165
1476,G03_177
1477,G03_148
1478,G03_163
1479,G03_181
1480,G03_167
1481,G03_195
1482,G03_185
1483,G03_172
1484,G03_164
1485,G03_180
1486,G03_174
1487,G03_182
1488,G03_178
1489,G03_176
1490,G03_179
1491,G03_171
1492,G03_194
1493,G03_201
1494,G03_189
1495,G03_198
1496,G03_173
1497,G03_186
1498,G03_157
1499,G03_191
1500,G03_192
1501,G03_212
1502,G03_196
1503,G03_210
1504,G03_197
1505,G03_183
1506,G03_202
1507,G03_200
1508,G03_224
1509,G03_193
1510,G03_214
1511,G03_211
1512,G03_229
1513,G03_206
1514,G03_208
1515,G03_207
1516,G03_221
1517,G03_209
1518,G03_222
1519,G03_203
1520,G03_213
1521,G03_232
1522,G03_215
1523,G03_205
1524,G03_226
1525,G03_249
1526,G03_220
1527,G03_233
1528,G03_236
1529,G03_228
1530,G03_230
1531,G03_223
1532,G03_231
1533,G03_237
1534,G03_234
1535,G03_245
1536,G03_242
1537,G03_247
1538,G03_243
1539,G03_241
1540,G03_251
1541,G03_235
1542,G03_254
1543,G03_244
1544,G03_240
1545,G03_252
1546,G03_260
1547,G03_255
1548,G03_225
1549,G03_238
1550,I08_0
1551,I08_24
1552,I08_46
1553,I08_19
1554,I08_10
1555,I08_32
1556,I08_3
1557,I08_23
1558,I08_66
1559,I08_2
1560,I08_11
1561,I08_7
1562,I08_4
1563,I08_20
1564,I08_8
1565,I08_36
1566,I08_52
1567,I08_12
1568,I08_47
1569,I08_26
1570,I08_21
1571,I08_14
1572,I08_39
1573,I08_48
1574,I08_40
1575,I08_27
1576,I08_38
1577,I08_6
1578,I08_30
1579,I08_44
1580,I08_45
1581,I08_31
1582,I08_98
1583,I08_5
1584,I08_1
1585,I08_18
1586,I08_68
1587,I08_17
1588,I08_65
1589,I08_9
1590,I08_64
1591,I08_75
1592,I08_70
1593,I08_62
1594,I08_74
1595,I08_55
1596,I08_59
1597,I08_67
1598,I08_58
1599,I08_107
1600,I08_85
1601,I08_71
1602,I08_56
1603,I08_81
1604,I08_78
1605,I08_54
1606,I08_84
1607,I08_79
1608,I08_106
1609,I08_86
1610,I08_94
1611,I08_76
1612,I08_91
1613,I08_82
1614,I08_51
1615,I08_114
1616,I08_73
1617,I08_97
1618,I08_96
1619,I08_134
1620,I08_77
1621,I08_105
1622,I08_102
1623,I08_104
1624,I08_101
1625,I08_111
1626,I08_103
1627,I08_108
1628,I08_120
1629,I08_72
1630,I08_112
1631,I08_116
1632,I08_162
1633,I08_127
1634,I08_148
1635,I08_88
1636,I08_118
1637,I08_115
1638,I08_89
1639,I08_151
1640,I08_136
1641,I08_124
1642,I08_129
1643,I08_173
1644,I08_147
1645,I08_138
1646,I08_168
1647,I08_177
1648,I08_128
1649,I08_135
1650,I08_137
1651,I08_150
1652,I08_164
1653,I08_141
1654,I08_140
1655,I08_131
1656,I08_171
1657,I08_145
1658,I08_184
1659,I08_146
1660,I08_152
1661,I08_191
1662,I08_170
1663,I08_53
1664,I08_178
1665,I08_117
1666,I08_174
1667,I08_198
1668,I08_156
1669,I08_154
1670,I08_130
1671,I08_194
1672,I08_188
1673,I08_175
1674,I08_181
1675,I08_190
1676,I08_192
1677,I08_182
1678,I08_199
1679,I08_166
1680,I08_219
1681,I08_180
1682,I08_210
1683,I08_193
1684,I08_207
1685,I08_187
1686,I08_196
1687,I08_201
1688,I08_197
1689,I08_208
1690,I08_203
1691,I08_200
1692,I08_204
1693,I08_189
1694,I08_202
1695,I08_213
1696,I08_212
1697,I08_211
1698,I08_209
1699,I08_220
1700,I08_218
1701,I08_224
1702,I08_221
1703,C07_22
1704,C07_0
1705,C07_40
1706,C07_11
1707,C07_16
1708,C07_12
1709,C07_64
1710,C07_6
1711,C07_3
1712,C07_85
1713,C07_15
1714,C07_21
1715,C07_60
1716,C07_5
1717,C07_66
1718,C07_56
1719,C07_51
1720,C07_1
1721,C07_61
1722,C07_50
1723,C07_36
1724,C07_37
1725,C07_49
1726,C07_24
1727,C07_73
1728,C07_42
1729,C07_67
1730,C07_8
1731,C07_32
1732,C07_38
1733,C07_26
1734,C07_57
1735,C07_48
1736,C07_2
1737,C07_58
1738,C07_65
1739,C07_70
1740,C07_43
1741,C07_46
1742,C07_31
1743,C07_75
1744,C07_47
1745,C07_28
1746,C07_41
1747,C07_29
1748,C07_45
1749,C07_68
1750,C07_17
1751,C07_13
1752,C07_18
1753,C07_35
1754,C07_39
1755,C07_82
1756,C07_74
1757,C07_23
1758,C07_90
1759,C07_25
1760,C07_30
1761,C07_76
1762,C07_98
1763,C07_63
1764,C07_55
1765,C07_83
1766,C07_71
1767,C07_87
1768,C07_78
1769,C07_101
1770,C07_81
1771,C07_88
1772,C07_79
1773,C07_84
1774,C07_96
1775,C07_86
1776,C07_80
1777,C07_91
1778,C07_92
1779,C07_95
1780,C07_89
1781,C07_93
1782,C07_113
1783,C07_99
1784,C07_94
1785,C07_100
1786,C07_97
1787,C07_102
1788,C07_111
1789,C07_146
1790,C07_104
1791,C07_108
1792,C07_105
1793,C07_109
1794,C07_103
1795,C07_106
1796,C07_118
1797,C07_112
1798,C07_114
1799,C07_107
1800,C07_117
1801,C07_115
1802,C07_121
1803,C07_123
1804,C07_125
1805,C07_135
1806,C07_120
1807,C07_128
1808,C07_126
1809,C07_130
1810,C07_129
1811,C07_131
1812,C07_136
1813,C07_119
1814,C07_124
1815,C07_132
1816,C07_141
1817,C07_138
1818,C07_144
1819,C07_134
1820,C07_140
1821,C07_142
1822,C07_139
1823,C07_133
1824,C07_154
1825,C07_145
1826,C07_169
1827,C07_147
1828,C07_152
1829,C07_137
1830,C07_143
1831,C07_151
1832,C07_155
1833,C07_163
1834,C07_164
1835,C07_170
1836,C07_150
1837,C07_156
1838,C07_157
1839,C07_173
1840,C07_168
1841,C07_161
1842,C07_166
1843,C07_158
1844,C07_162
1845,C07_153
1846,C07_160
1847,C07_171
1848,C07_192
1849,C07_159
1850,C07_214
1851,C07_165
1852,C07_167
1853,C07_194
1854,C07_172
1855,C07_186
1856,C07_177
1857,C07_178
1858,C07_189
1859,C07_215
1860,C07_181
1861,C07_182
1862,C07_205
1863,C07_174
1864,C07_200
1865,C07_180
1866,C07_199
1867,C07_185
1868,C07_196
1869,C07_184
1870,C07_188
1871,C07_187
1872,C07_183
1873,C07_198
1874,C07_210
1875,C07_224
1876,C07_193
1877,C07_197
1878,C07_203
1879,C07_208
1880,C07_190
1881,C07_195
1882,C07_207
1883,C07_206
1884,C07_220
1885,C07_204
1886,C07_213
1887,C07_217
1888,C07_227
1889,C07_226
1890,C07_209
1891,C07_221
1892,C07_218
1893,C07_211
1894,C07_222
1895,C07_225
1896,C07_216
1897,C08_0
1898,C08_31
1899,C08_4
1900,C08_12
1901,C08_10
1902,C08_56
1903,C08_20
1904,C08_13
1905,C08_30
1906,C08_3
1907,C08_28
1908,C08_18
1909,C08_45
1910,C08_35
1911,C08_39
1912,C08_55
1913,C08_34
1914,C08_72
1915,C08_67
1916,C08_58
1917,C08_5
1918,C08_9
1919,C08_8
1920,C08_6
1921,C08_26
1922,C08_37
1923,C08_32
1924,C08_27
1925,C08_40
1926,C08_51
1927,C08_21
1928,C08_42
1929,C08_76
1930,C08_41
1931,C08_16
1932,C08_52
1933,C08_17
1934,C08_48
1935,C08_64
1936,C08_29
1937,C08_49
1938,C08_46
1939,C08_79
1940,C08_11
1941,C08_36
1942,C08_54
1943,C08_59
1944,C08_14
1945,C08_99
1946,C08_33
1947,C08_43
1948,C08_23
1949,C08_78
1950,C08_77
1951,C08_84
1952,C08_38
1953,C08_68
1954,C08_1
1955,C08_89
1956,C08_62
1957,C08_69
1958,C08_61
1959,C08_60
1960,C08_104
1961,C08_74
1962,C08_2
1963,C08_80
1964,C08_87
1965,C08_86
1966,C08_73
1967,C08_71
1968,C08_63
1969,C08_75
1970,C08_85
1971,C08_116
1972,C08_96
1973,C08_88
1974,C08_101
1975,C08_70
1976,C08_66
1977,C08_53
1978,C08_83
1979,C08_82
1980,C08_115
1981,C08_105
1982,C08_95
1983,C08_114
1984,C08_113
1985,C08_117
1986,C08_90
1987,C08_94
1988,C08_102
1989,C08_91
1990,C08_98
1991,C08_110
1992,C08_112
1993,C08_93
1994,C08_106
1995,C08_128
1996,C08_109
1997,C08_107
1998,C08_129
1999,C08_130
2000,C08_97
2001,C08_108
2002,C08_118
2003,C08_133
2004,C08_119
2005,C08_121
2006,C08_124
2007,C08_144
2008,C08_135
2009,C08_123
2010,C08_168
2011,C08_155
2012,C08_122
2013,C08_132
2014,C08_143
2015,C08_141
2016,C08_138
2017,C08_136
2018,C08_131
2019,C08_140
2020,C08_167
2021,C08_149
2022,C08_158
2023,C08_152
2024,C08_151
2025,C08_164
2026,C08_145
2027,C08_139
2028,C08_148
2029,C08_185
2030,C08_150
2031,C08_153
2032,C08_146
2033,C08_156
2034,C08_178
2035,C08_163
2036,C08_142
2037,C08_157
2038,C08_162
2039,C08_169
2040,C08_183
2041,C08_196
2042,C08_161
2043,C08_171
2044,C08_191
2045,C08_165
2046,C08_194
2047,C08_170
2048,C08_186
2049,C08_175
2050,C08_184
2051,C08_179
2052,C08_154
2053,C08_193
2054,C08_173
2055,C08_176
2056,C08_182
2057,C08_172
2058,C08_190
2059,C08_187
2060,C08_188
2061,C08_199
2062,C08_207
2063,C08_198
2064,C08_195
2065,C08_197
2066,C08_213
2067,C08_212
2068,C08_181
2069,C08_202
2070,C08_209
2071,C08_203
2072,C08_214
2073,C08_215
2074,C08_234
2075,C08_208
2076,C08_219
2077,C08_216
2078,C08_210
2079,C08_204
2080,C08_224
2081,C08_220
2082,C08_217
2083,C08_223
2084,C08_222
2085,C08_230
2086,C08_233
2087,C08_229
2088,G05_26
2089,G05_6
2090,G05_0
2091,G05_2
2092,G05_7
2093,G05_13
2094,G05_16
2095,G05_3
2096,G05_8
2097,G05_14
2098,G05_23
2099,G05_19
2100,G05_27
2101,G05_12
2102,G05_24
2103,G05_25
2104,G05_21
2105,G05_22
2106,G05_15
2107,G05_11
2108,G05_4
2109,G05_20
2110,G05_34
2111,G05_17
2112,G05_1
2113,G05_18
2114,G05_10
2115,G05_29
2116,G05_31
2117,G05_32
2118,G05_39
2119,G05_38
2120,G05_35
2121,G05_44
2122,G05_42
2123,G05_43
2124,G05_45
2125,G05_41
2126,G05_47
2127,G05_50
2128,G05_56
2129,G05_55
2130,G05_52
2131,G05_51
2132,G05_64
2133,G05_53
2134,G05_54
2135,G05_48
2136,G05_70
2137,G05_57
2138,G05_49
2139,G05_69
2140,G05_63
2141,G05_66
2142,G05_61
2143,G05_59
2144,G05_72
2145,G05_67
2146,G05_60
2147,G05_75
2148,G05_58
2149,G05_76
2150,G05_71
2151,G05_87
2152,G05_77
2153,G05_78
2154,G05_81
2155,G05_82
2156,G05_83
2157,G05_79
2158,G05_90
2159,G05_86
2160,G05_93
2161,G05_88
2162,G05_96
2163,G05_95
2164,G05_97
2165,G05_85
2166,I03_22
2167,I03_31
2168,I03_24
2169,I03_23
2170,I03_14
2171,I03_0
2172,I03_20
2173,I03_3
2174,I03_5
2175,I03_42
2176,I03_29
2177,I03_38
2178,I03_6
2179,I03_10
2180,I03_18
2181,I03_2
2182,I03_21
2183,I03_17
2184,I03_9
2185,I03_13
2186,I03_26
2187,I03_28
2188,I03_34
2189,I03_43
2190,I03_32
2191,I03_25
2192,I03_36
2193,I03_19
2194,I03_39
2195,I03_53
2196,I03_33
2197,I03_40
2198,I03_37
2199,I03_56
2200,I03_54
2201,I03_51
2202,I03_44
2203,I03_55
2204,I03_45
2205,I03_47
2206,I03_59
2207,I03_50
2208,I03_64
2209,I03_69
2210,I03_76
2211,I03_82
2212,I03_62
2213,I03_65
2214,I03_75
2215,I03_70
2216,I03_68
2217,I03_71
2218,I03_74
2219,I03_78
2220,I03_81
2221,I03_72
2222,I03_79
2223,I03_67
2224,I03_89
2225,I03_84
2226,I03_87
2227,I03_77
2228,I03_108
2229,I03_106
2230,I03_90
2231,I03_107
2232,I03_99
2233,I03_63
2234,I03_92
2235,I03_94
2236,I03_100
2237,I03_117
2238,I03_103
2239,I03_111
2240,I03_122
2241,I03_105
2242,I03_113
2243,I03_120
2244,I03_130
2245,I03_126
2246,I03_150
2247,I03_128
2248,I03_134
2249,I03_124
2250,I03_132
2251,I03_142
2252,I03_135
2253,I03_145
2254,I03_139
2255,I03_115
2256,I03_144
2257,I03_131
2258,I03_125
2259,I03_147
2260,I03_149
2261,I03_143
2262,I03_154
2263,I03_148
2264,I03_141
2265,E05_0
2266,E05_5
2267,E05_10
2268,E05_11
2269,E05_8
2270,E05_2
2271,E05_6
2272,E05_18
2273,E05_3
2274,E05_16
2275,E05_12
2276,E05_4
2277,E05_17
2278,E05_13
2279,E05_7
2280,E05_21
2281,E05_25
2282,E05_14
2283,E05_9
2284,E05_1
2285,E05_22
2286,E05_24
2287,E05_27
2288,E05_29
2289,E05_33
2290,E05_35
2291,E05_28
2292,E05_30
2293,E05_37
2294,E05_43
2295,E05_32
2296,E05_39
2297,E05_36
2298,E05_40
2299,E05_38
2300,E05_49
2301,E05_46
2302,E05_44
2303,E05_41
2304,E05_50
2305,E05_45
2306,E05_53
2307,E05_51
2308,E05_42
2309,E05_52
2310,E05_54
2311,E05_59
2312,E05_63
2313,E05_60
2314,E05_62
2315,E05_67
2316,E05_68
2317,E05_69
2318,E05_65
2319,E05_70
2320,F06_0
2321,F06_3
2322,F06_21
2323,F06_23
2324,F06_20
2325,F06_5
2326,F06_25
2327,F06_7
2328,F06_18
2329,F06_12
2330,F06_11
2331,F06_8
2332,F06_22
2333,F06_9
2334,F06_24
2335,F06_14
2336,F06_16
2337,F06_1
2338,F06_13
2339,F06_19
2340,F06_30
2341,F06_10
2342,F06_4
2343,F06_2
2344,F06_29
2345,F06_28
2346,F06_27
2347,F06_31
2348,F06_33
2349,F06_17
2350,F06_36
2351,F06_41
2352,F06_37
2353,F06_38
2354,F06_43
2355,F06_42
2356,F06_45
2357,F06_46
2358,F06_47
2359,F06_50
2360,F06_49
2361,F06_51
2362,F06_48
2363,F06_52
2364,F06_53
2365,F06_55
2366,F06_58
2367,F06_59
2368,F06_60
2369,F06_56
2370,F06_62
2371,F06_61
2372,F06_65
2373,F06_67
2374,F06_66
2375,G09_0
2376,G09_26
2377,G09_7
2378,G09_52
2379,G09_40
2380,G09_23
2381,G09_19
2382,G09_36
2383,G09_54
2384,G09_29
2385,G09_24
2386,G09_53
2387,G09_16
2388,G09_27
2389,G09_37
2390,G09_60
2391,G09_28
2392,G09_35
2393,G09_44
2394,G09_12
2395,G09_5
2396,G09_4
2397,G09_42
2398,G09_3
2399,G09_25
2400,G09_20
2401,G09_50
2402,G09_45
2403,G09_47
2404,G09_82
2405,G09_32
2406,G09_49
2407,G09_15
2408,G09_57
2409,G09_13
2410,G09_72
2411,G09_59
2412,G09_63
2413,G09_34
2414,G09_9
2415,G09_30
2416,G09_14
2417,G09_61
2418,G09_62
2419,G09_56
2420,G09_83
2421,G09_55
2422,G09_73
2423,G09_43
2424,G09_67
2425,G09_66
2426,G09_75
2427,G09_79
2428,G09_58
2429,G09_80
2430,G09_77
2431,G09_70
2432,G09_78
2433,G09_65
2434,G09_85
2435,G09_69
2436,G09_81
2437,G09_76
2438,G09_91
2439,G09_88
2440,G09_87
2441,G09_68
2442,G09_106
2443,G09_94
2444,G09_89
2445,G09_119
2446,G09_112
2447,G09_64
2448,G09_96
2449,G09_93
2450,G09_90
2451,G09_92
2452,G09_97
2453,G09_115
2454,G09_95
2455,G09_99
2456,G09_100
2457,G09_121
2458,G09_102
2459,G09_86
2460,G09_117
2461,G09_105
2462,G09_101
2463,G09_111
2464,G09_127
2465,G09_129
2466,G09_113
2467,G09_159
2468,G09_130
2469,G09_120
2470,G09_123
2471,G09_108
2472,G09_114
2473,G09_122
2474,G09_128
2475,G09_141
2476,G09_125
2477,G09_157
2478,G09_155
2479,G09_132
2480,G09_110
2481,G09_139
2482,G09_124
2483,G09_131
2484,G09_143
2485,G09_134
2486,G09_136
2487,G09_147
2488,G09_140
2489,G09_154
2490,G09_176
2491,G09_149
2492,G09_156
2493,G09_137
2494,G09_144
2495,G09_162
2496,G09_151
2497,G09_160
2498,G09_152
2499,G09_161
2500,G09_187
2501,G09_145
2502,G09_164
2503,G09_165
2504,G09_179
2505,G09_181
2506,G09_153
2507,G09_166
2508,G09_180
2509,G09_178
2510,G09_173
2511,G09_205
2512,G09_167
2513,G09_175
2514,G09_182
2515,G09_190
2516,G09_186
2517,G09_238
2518,G09_207
2519,G09_202
2520,G09_193
2521,G09_234
2522,G09_169
2523,G09_194
2524,G09_192
2525,G09_191
2526,G09_200
2527,G09_199
2528,G09_189
2529,G09_206
2530,G09_204
2531,G09_195
2532,G09_196
2533,G09_197
2534,G09_209
2535,G09_218
2536,G09_212
2537,G09_211
2538,G09_214
2539,G09_219
2540,G09_215
2541,G09_185
2542,G09_225
2543,G09_227
2544,G09_210
2545,G09_217
2546,G09_223
2547,G09_226
2548,G09_222
2549,G09_229
2550,G09_213
2551,G09_239
2552,G09_230
2553,G09_232
2554,G09_235
2555,G09_245
2556,D02_11
2557,D02_0
2558,D02_10
2559,D02_22
2560,D02_1
2561,D02_20
2562,D02_6
2563,D02_8
2564,D02_13
2565,D02_7
2566,D02_5
2567,D02_14
2568,D02_27
2569,D02_25
2570,D02_19
2571,D02_29
2572,D02_28
2573,D02_32
2574,D02_30
2575,D02_31
2576,D02_33
2577,D02_34
2578,D02_41
2579,D02_38
2580,D02_35
2581,D02_37
2582,D02_36
2583,D02_44
2584,D02_45
2585,D02_40
2586,D02_42
2587,D02_43
2588,D02_49
2589,D02_46
2590,D02_48
2591,D02_50
2592,D02_51
2593,I06_0
2594,I06_16
2595,I06_22
2596,I06_13
2597,I06_5
2598,I06_35
2599,I06_26
2600,I06_32
2601,I06_28
2602,I06_8
2603,I06_6
2604,I06_56
2605,I06_7
2606,I06_48
2607,I06_3
2608,I06_18
2609,I06_14
2610,I06_17
2611,I06_36
2612,I06_37
2613,I06_39
2614,I06_50
2615,I06_27
2616,I06_49
2617,I06_38
2618,I06_11
2619,I06_45
2620,I06_55
2621,I06_21
2622,I06_54
2623,I06_12
2624,I06_2
2625,I06_10
2626,I06_19
2627,I06_24
2628,I06_40
2629,I06_29
2630,I06_52
2631,I06_60
2632,I06_53
2633,I06_34
2634,I06_63
2635,I06_47
2636,I06_61
2637,I06_62
2638,I06_42
2639,I06_58
2640,I06_70
2641,I06_59
2642,I06_79
2643,I06_72
2644,I06_77
2645,I06_57
2646,I06_68
2647,I06_75
2648,I06_71
2649,I06_73
2650,I06_78
2651,I06_76
2652,I06_81
2653,I06_82
2654,I06_80
2655,I06_85
2656,I06_89
2657,I06_95
2658,I06_84
2659,I06_96
2660,I06_91
2661,I06_92
2662,I06_93
2663,I06_103
2664,I06_101
2665,I06_87
2666,I06_102
2667,I06_110
2668,I06_104
2669,I06_111
2670,I06_114
2671,I06_98
2672,I06_100
2673,I06_108
2674,I06_86
2675,I06_107
2676,I06_113
2677,I06_116
2678,I06_112
2679,I06_122
2680,I06_117
2681,I06_115
2682,I06_118
2683,I06_135
2684,I06_134
2685,I06_126
2686,I06_121
2687,I06_109
2688,I06_139
2689,I06_127
2690,I06_123
2691,I06_125
2692,I06_133
2693,I06_138
2694,I06_136
2695,I06_124
2696,G02_5
2697,G02_56
2698,G02_37
2699,G02_0
2700,G02_116
2701,G02_103
2702,G02_96
2703,G02_104
2704,G02_113
2705,G02_62
2706,G02_129
2707,G02_114
2708,G02_80
2709,G02_98
2710,G02_109
2711,G02_22
2712,G02_25
2713,G02_97
2714,G02_36
2715,G02_130
2716,G02_121
2717,G02_16
2718,G02_76
2719,G02_88
2720,G02_125
2721,G02_92
2722,G02_81
2723,G02_100
2724,G02_29
2725,G02_35
2726,G02_106
2727,G02_13
2728,G02_50
2729,G02_30
2730,G02_39
2731,G02_46
2732,G02_9
2733,G02_91
2734,G02_95
2735,G02_12
2736,G02_64
2737,G02_38
2738,G02_48
2739,G02_122
2740,G02_53
2741,G02_42
2742,G02_45
2743,G02_118
2744,G02_23
2745,G02_7
2746,G02_14
2747,G02_3
2748,G02_8
2749,G02_84
2750,G02_63
2751,G02_101
2752,G02_102
2753,G02_94
2754,G02_55
2755,G02_73
2756,G02_6
2757,G02_74
2758,G02_69
2759,G02_21
2760,G02_52
2761,G02_117
2762,G02_85
2763,G02_110
2764,G02_79
2765,G02_119
2766,G02_19
2767,G02_65
2768,G02_57
2769,G02_54
2770,G02_107
2771,G02_128
2772,G02_32
2773,G02_75
2774,G02_90
2775,G02_68
2776,G02_58
2777,G02_44
2778,G02_27
2779,G02_1
2780,G02_93
2781,G02_133
2782,G02_108
2783,G02_67
2784,G02_136
2785,G02_33
2786,G02_148
2787,G02_135
2788,G02_152
2789,G02_4
2790,G02_140
2791,G02_156
2792,G02_71
2793,G02_141
2794,G02_145
2795,G02_144
2796,G02_139
2797,G02_167
2798,G02_112
2799,G02_157
2800,G02_151
2801,G02_193
2802,G02_150
2803,G02_146
2804,G02_184
2805,G02_163
2806,G02_169
2807,G02_197
2808,G02_168
2809,G02_166
2810,G02_134
2811,G02_162
2812,G02_158
2813,G02_174
2814,G02_175
2815,G02_181
2816,G02_205
2817,G02_176
2818,G02_172
2819,G02_186
2820,G02_183
2821,G02_196
2822,G02_178
2823,G02_194
2824,G02_203
2825,G02_179
2826,G02_192
2827,G02_191
2828,G02_189
2829,G02_187
2830,G02_199
2831,G02_161
2832,G02_190
2833,G02_200
2834,G02_214
2835,G02_236
2836,G02_159
2837,G02_209
2838,G02_215
2839,G02_239
2840,G02_212
2841,G02_208
2842,G02_234
2843,G02_217
2844,G02_201
2845,G02_218
2846,G02_206
2847,G02_227
2848,G02_229
2849,G02_216
2850,G02_232
2851,G02_224
2852,G02_244
2853,G02_225
2854,G02_233
2855,G02_230
2856,G02_260
2857,G02_258
2858,G02_242
2859,G02_222
2860,G02_248
2861,G02_246
2862,G02_240
2863,G02_245
2864,G02_226
2865,G02_241
2866,G02_270
2867,G02_257
2868,G02_247
2869,G02_256
2870,G02_277
2871,G02_255
2872,G02_243
2873,G02_288
2874,G02_268
2875,G02_221
2876,G02_264
2877,G02_269
2878,G02_253
2879,G02_238
2880,G02_263
2881,G02_235
2882,G02_265
2883,G02_290
2884,G02_294
2885,G02_237
2886,G02_278
2887,G02_284
2888,G02_276
2889,G02_319
2890,G02_286
2891,G02_296
2892,G02_273
2893,G02_274
2894,G02_283
2895,G02_280
2896,G02_301
2897,G02_281
2898,G02_298
2899,G02_302
2900,G02_303
2901,G02_295
2902,G02_287
2903,G02_306
2904,G02_308
2905,G02_293
2906,G02_337
2907,G02_279
2908,G02_309
2909,G02_330
2910,G02_305
2911,G02_323
2912,G02_329
2913,G02_300
2914,G02_304
2915,G02_297
2916,G02_313
2917,G02_338
2918,G02_312
2919,G02_321
2920,G02_320
2921,G02_318
2922,G02_316
2923,G02_317
2924,G02_322
2925,G02_334
2926,G02_339
2927,G02_327
2928,G02_315
2929,G02_326
2930,G02_311
2931,G02_341
2932,G02_335
2933,G02_340
2934,G02_324
2935,G02_331
2936,G02_353
2937,G02_357
2938,E09_29
2939,E09_1
2940,E09_0
2941,E09_83
2942,E09_25
2943,E09_5
2944,E09_16
2945,E09_71
2946,E09_36
2947,E09_37
2948,E09_60
2949,E09_28
2950,E09_23
2951,E09_14
2952,E09_32
2953,E09_80
2954,E09_43
2955,E09_61
2956,E09_52
2957,E09_45
2958,E09_79
2959,E09_12
2960,E09_39
2961,E09_132
2962,E09_57
2963,E09_111
2964,E09_47
2965,E09_34
2966,E09_94
2967,E09_30
2968,E09_48
2969,E09_59
2970,E09_74
2971,E09_31
2972,E09_15
2973,E09_11
2974,E09_56
2975,E09_8
2976,E09_33
2977,E09_76
2978,E09_44
2979,E09_114
2980,E09_40
2981,E09_49
2982,E09_81
2983,E09_24
2984,E09_69
2985,E09_53
2986,E09_54
2987,E09_4
2988,E09_9
2989,E09_42
2990,E09_46
2991,E09_98
2992,E09_84
2993,E09_41
2994,E09_92
2995,E09_21
2996,E09_35
2997,E09_70
2998,E09_51
2999,E09_62
3000,E09_68
3001,E09_38
3002,E09_124
3003,E09_117
3004,E09_112
3005,E09_13
3006,E09_97
3007,E09_18
3008,E09_115
3009,E09_27
3010,E09_3
3011,E09_75
3012,E09_101
3013,E09_119
3014,E09_99
3015,E09_2
3016,E09_67
3017,E09_118
3018,E09_88
3019,E09_58
3020,E09_108
3021,E09_87
3022,E09_136
3023,E09_82
3024,E09_93
3025,E09_122
3026,E09_78
3027,E09_95
3028,E09_100
3029,E09_86
3030,E09_89
3031,E09_116
3032,E09_103
3033,E09_134
3034,E09_141
3035,E09_113
3036,E09_63
3037,E09_90
3038,E09_150
3039,E09_127
3040,E09_66
3041,E09_110
3042,E09_126
3043,E09_106
3044,E09_133
3045,E09_191
3046,E09_20
3047,E09_144
3048,E09_120
3049,E09_104
3050,E09_123
3051,E09_162
3052,E09_96
3053,E09_131
3054,E09_105
3055,E09_140
3056,E09_121
3057,E09_102
3058,E09_194
3059,E09_195
3060,E09_153
3061,E09_125
3062,E09_170
3063,E09_145
3064,E09_146
3065,E09_147
3066,E09_156
3067,E09_143
3068,E09_154
3069,E09_182
3070,E09_157
3071,E09_177
3072,E09_148
3073,E09_176
3074,E09_180
3075,E09_135
3076,E09_107
3077,E09_181
3078,E09_175
3079,E09_142
3080,E09_160
3081,E09_137
3082,E09_138
3083,E09_172
3084,E09_169
3085,E09_165
3086,E09_167
3087,E09_166
3088,E09_130
3089,E09_163
3090,E09_202
3091,E09_198
3092,E09_187
3093,E09_210
3094,E09_171
3095,E09_161
3096,E09_186
3097,E09_139
3098,E09_149
3099,E09_184
3100,E09_218
3101,E09_152
3102,E09_174
3103,E09_159
3104,E09_179
3105,E09_155
3106,E09_189
3107,E09_197
3108,E09_185
3109,E09_200
3110,E09_208
3111,E09_151
3112,E09_221
3113,E09_199
3114,E09_206
3115,E09_173
3116,E09_192
3117,E09_215
3118,E09_235
3119,E09_205
3120,E09_183
3121,E09_190
3122,E09_213
3123,E09_209
3124,E09_203
3125,E09_234
3126,E09_204
3127,E09_207
3128,E09_240
3129,E09_211
3130,E09_219
3131,E09_217
3132,E09_220
3133,E09_201
3134,E09_222
3135,E09_227
3136,E09_232
3137,E09_231
3138,E09_214
3139,E09_244
3140,E09_230
3141,E09_236
3142,E09_239
3143,E09_238
3144,E09_252
3145,E09_246
3146,E09_242
3147,E09_224
3148,E09_229
3149,E09_237
3150,E09_225
3151,E09_265
3152,E09_228
3153,E09_233
3154,E09_249
3155,E09_226
3156,E09_257
3157,E09_270
3158,E09_256
3159,E09_255
3160,E09_245
3161,E09_251
3162,E09_264
3163,E09_261
3164,E09_248
3165,E09_262
3166,E09_250
3167,E09_269
3168,E09_291
3169,E09_283
3170,E09_254
3171,E09_258
3172,E09_275
3173,E09_267
3174,E09_259
3175,E09_281
3176,E09_271
3177,E09_263
3178,E09_284
3179,E09_272
3180,E09_266
3181,E09_260
3182,E09_274
3183,E09_268
3184,E09_276
3185,E09_294
3186,E09_293
3187,E09_290
3188,E09_304
3189,E09_273
3190,E09_282
3191,E09_285
3192,E09_292
3193,E09_297
3194,E09_295
3195,E09_277
3196,E09_299
3197,E09_289
3198,E09_298
3199,E09_296
3200,E09_310
3201,E09_305
3202,E09_307
3203,E09_306
3204,E09_313
3205,E09_314
3206,E09_311
3207,F03_0
3208,F03_9
3209,F03_19
3210,F03_16
3211,F03_15
3212,F03_18
3213,F03_14
3214,F03_17
3215,F03_11
3216,F03_13
3217,F03_24
3218,F03_28
3219,F03_10
3220,F03_8
3221,F03_29
3222,F03_3
3223,F03_7
3224,F03_1
3225,F03_2
3226,F03_23
3227,F03_34
3228,F03_32
3229,F03_33
3230,F03_30
3231,F03_38
3232,F03_36
3233,F03_40
3234,F03_25
3235,F03_49
3236,F03_42
3237,F03_39
3238,F03_44
3239,F03_41
3240,F03_46
3241,F03_54
3242,F03_47
3243,F03_55
3244,F03_50
3245,F03_51
3246,F03_56
3247,F03_58
3248,F03_59
3249,F03_63
3250,F03_61
3251,F03_68
3252,F03_62
3253,F03_60
3254,F03_67
3255,F03_64
3256,F03_73
3257,F03_66
3258,F03_70
3259,F03_74
3260,F03_71
3261,F03_69
3262,F03_75
3263,F03_79
3264,F03_72
3265,F03_81
3266,F03_77
3267,F03_78
3268,F03_83
3269,G04_0
3270,G04_45
3271,G04_30
3272,G04_15
3273,G04_17
3274,G04_33
3275,G04_49
3276,G04_13
3277,G04_28
3278,G04_37
3279,G04_6
3280,G04_51
3281,G04_8
3282,G04_34
3283,G04_22
3284,G04_14
3285,G04_23
3286,G04_36
3287,G04_3
3288,G04_12
3289,G04_47
3290,G04_10
3291,G04_35
3292,G04_25
3293,G04_43
3294,G04_4
3295,G04_7
3296,G04_26
3297,G04_1
3298,G04_39
3299,G04_19
3300,G04_20
3301,G04_21
3302,G04_29
3303,G04_2
3304,G04_27
3305,G04_32
3306,G04_11
3307,G04_46
3308,G04_52
3309,G04_56
3310,G04_53
3311,G04_54
3312,G04_41
3313,G04_50
3314,G04_57
3315,G04_44
3316,G04_58
3317,G04_81
3318,G04_63
3319,G04_65
3320,G04_62
3321,G04_59
3322,G04_61
3323,G04_72
3324,G04_60
3325,G04_77
3326,G04_71
3327,G04_67
3328,G04_66
3329,G04_68
3330,G04_64
3331,G04_84
3332,G04_79
3333,G04_76
3334,G04_74
3335,G04_73
3336,G04_86
3337,G04_85
3338,G04_80
3339,G04_87
3340,G04_99
3341,G04_75
3342,G04_83
3343,G04_91
3344,G04_92
3345,G04_82
3346,G04_95
3347,G04_90
3348,G04_102
3349,G04_97
3350,G04_98
3351,G04_89
3352,G04_107
3353,G04_94
3354,G04_101
3355,G04_125
3356,G04_118
3357,G04_105
3358,G04_109
3359,G04_100
3360,G04_121
3361,G04_88
3362,G04_115
3363,G04_117
3364,G04_108
3365,G04_110
3366,G04_116
3367,G04_113
3368,G04_131
3369,G04_106
3370,G04_123
3371,G04_120
3372,G04_126
3373,G04_124
3374,G04_119
3375,G04_127
3376,G04_134
3377,G04_128
3378,G04_135
3379,G04_133
3380,G04_122
3381,H06_0
3382,H06_18
3383,H06_9
3384,H06_11
3385,H06_21
3386,H06_4
3387,H06_12
3388,H06_1
3389,H06_19
3390,H06_8
3391,H06_10
3392,H06_3
3393,H06_7
3394,H06_23
3395,H06_27
3396,H06_17
3397,H06_13
3398,H06_5
3399,H06_28
3400,H06_20
3401,H06_40
3402,H06_33
3403,H06_35
3404,H06_41
3405,H06_42
3406,H06_29
3407,H06_34
3408,H06_25
3409,H06_31
3410,H06_30
3411,H06_38
3412,H06_39
3413,H06_36
3414,H06_46
3415,H06_44
3416,H06_43
3417,H06_47
3418,H06_55
3419,H06_54
3420,H06_26
3421,H06_45
3422,H06_48
3423,H06_53
3424,H06_58
3425,H06_57
3426,H06_59
3427,H06_61
3428,H06_60
3429,H06_65
3430,H06_62
3431,H06_68
3432,H06_64
3433,H06_70
3434,H06_71
3435,H06_69
3436,E06_26
3437,E06_8
3438,E06_0
3439,E06_4
3440,E06_20
3441,E06_57
3442,E06_24
3443,E06_35
3444,E06_45
3445,E06_42
3446,E06_34
3447,E06_29
3448,E06_50
3449,E06_15
3450,E06_47
3451,E06_10
3452,E06_37
3453,E06_31
3454,E06_22
3455,E06_23
3456,E06_30
3457,E06_17
3458,E06_13
3459,E06_53
3460,E06_39
3461,E06_44
3462,E06_56
3463,E06_28
3464,E06_51
3465,E06_6
3466,E06_32
3467,E06_63
3468,E06_52
3469,E06_1
3470,E06_12
3471,E06_59
3472,E06_38
3473,E06_9
3474,E06_48
3475,E06_7
3476,E06_21
3477,E06_5
3478,E06_60
3479,E06_3
3480,E06_58
3481,E06_27
3482,E06_61
3483,E06_67
3484,E06_18
3485,E06_65
3486,E06_64
3487,E06_66
3488,E06_73
3489,E06_79
3490,E06_76
3491,E06_78
3492,E06_82
3493,E06_71
3494,E06_74
3495,E06_80
3496,E06_77
3497,E06_87
3498,E06_81
3499,E06_88
3500,E06_83
3501,E06_91
3502,E06_94
3503,E06_93
3504,E06_85
3505,E06_92
3506,E06_86
3507,E06_84
3508,E06_89
3509,E06_95
3510,E06_97
3511,E06_101
3512,E06_100
3513,E06_99
3514,E06_108
3515,E06_102
3516,E06_105
3517,E06_104
3518,E06_107
3519,E06_106
3520,E06_109
3521,E06_114
3522,E06_113
3523,E06_111
3524,E06_110
3525,E06_118
3526,E06_121
3527,E06_120
3528,E06_128
3529,E06_122
3530,E06_112
3531,E06_117
3532,E06_116
3533,E06_123
3534,E06_131
3535,E06_127
3536,E06_124
3537,E06_129
3538,E06_126
3539,E06_130
3540,E06_133
3541,E06_132
3542,E06_138
3543,E06_137
3544,E06_140
3545,E04_0
3546,E04_2
3547,E04_9
3548,E04_4
3549,E04_10
3550,E04_7
3551,E04_8
3552,E04_1
3553,E04_6
3554,E04_11
3555,E04_12
3556,E04_17
3557,E04_14
3558,E04_15
3559,E04_5
3560,E04_22
3561,E04_23
3562,E04_20
3563,E04_18
3564,E04_26
3565,E04_28
3566,E04_25
3567,E04_29
3568,E04_30
3569,E04_16
3570,E04_31
3571,E04_34
3572,E04_41
3573,E04_36
3574,E04_40
3575,E04_35
3576,E04_39
3577,E04_49
3578,E04_43
3579,E04_47
3580,E04_38
3581,E04_44
3582,E04_32
3583,E04_37
3584,E04_50
3585,E04_55
3586,E04_48
3587,E04_53
3588,E04_59
3589,E04_56
3590,E04_54
3591,E04_52
3592,E04_60
3593,E04_51
3594,E04_46
3595,E04_58
3596,E04_57
3597,E04_65
3598,E04_62
3599,E04_61
3600,F02_0
3601,F02_9
3602,F02_15
3603,F02_10
3604,F02_6
3605,F02_2
3606,F02_8
3607,F02_22
3608,F02_3
3609,F02_4
3610,F02_11
3611,F02_16
3612,F02_23
3613,F02_20
3614,F02_12
3615,F02_7
3616,F02_27
3617,F02_25
3618,F02_30
3619,F02_28
3620,F02_26
3621,F02_33
3622,F02_32
3623,F02_40
3624,F02_36
3625,F02_37
3626,F02_38
3627,F02_35
3628,F02_41
3629,F02_53
3630,F02_44
3631,F02_46
3632,F02_47
3633,F02_50
3634,F02_45
3635,F02_48
3636,F02_51
3637,F02_52
3638,F02_55
3639,F02_54
3640,F02_59
3641,F02_57
3642,F02_62
3643,F02_58
3644,F02_60
3645,F02_64
3646,F02_56
3647,F02_63
3648,F02_70
3649,F02_68
3650,F02_61
3651,F02_72
3652,F02_66
3653,C09_30
3654,C09_34
3655,C09_0
3656,C09_85
3657,C09_8
3658,C09_5
3659,C09_28
3660,C09_9
3661,C09_47
3662,C09_26
3663,C09_10
3664,C09_61
3665,C09_50
3666,C09_58
3667,C09_11
3668,C09_37
3669,C09_1
3670,C09_25
3671,C09_81
3672,C09_15
3673,C09_44
3674,C09_38
3675,C09_19
3676,C09_62
3677,C09_71
3678,C09_66
3679,C09_12
3680,C09_108
3681,C09_6
3682,C09_14
3683,C09_2
3684,C09_75
3685,C09_21
3686,C09_125
3687,C09_39
3688,C09_100
3689,C09_48
3690,C09_36
3691,C09_22
3692,C09_59
3693,C09_89
3694,C09_70
3695,C09_56
3696,C09_90
3697,C09_18
3698,C09_17
3699,C09_78
3700,C09_46
3701,C09_52
3702,C09_80
3703,C09_4
3704,C09_3
3705,C09_57
3706,C09_60
3707,C09_7
3708,C09_72
3709,C09_93
3710,C09_20
3711,C09_65
3712,C09_41
3713,C09_86
3714,C09_95
3715,C09_16
3716,C09_23
3717,C09_74
3718,C09_91
3719,C09_29
3720,C09_79
3721,C09_159
3722,C09_24
3723,C09_67
3724,C09_69
3725,C09_55
3726,C09_53
3727,C09_13
3728,C09_76
3729,C09_63
3730,C09_97
3731,C09_77
3732,C09_32
3733,C09_136
3734,C09_123
3735,C09_124
3736,C09_128
3737,C09_40
3738,C09_137
3739,C09_105
3740,C09_88
3741,C09_112
3742,C09_92
3743,C09_94
3744,C09_109
3745,C09_83
3746,C09_87
3747,C09_101
3748,C09_120
3749,C09_131
3750,C09_102
3751,C09_111
3752,C09_73
3753,C09_116
3754,C09_127
3755,C09_104
3756,C09_126
3757,C09_134
3758,C09_98
3759,C09_122
3760,C09_133
3761,C09_118
3762,C09_115
3763,C09_110
3764,C09_135
3765,C09_145
3766,C09_143
3767,C09_129
3768,C09_132
3769,C09_157
3770,C09_156
3771,C09_173
3772,C09_176
3773,C09_119
3774,C09_150
3775,C09_144
3776,C09_106
3777,C09_141
3778,C09_158
3779,C09_155
3780,C09_154
3781,C09_148
3782,C09_188
3783,C09_166
3784,C09_130
3785,C09_152
3786,C09_180
3787,C09_196
3788,C09_167
3789,C09_182
3790,C09_177
3791,C09_165
3792,C09_139
3793,C09_163
3794,C09_162
3795,C09_153
3796,C09_175
3797,C09_149
3798,C09_160
3799,C09_169
3800,C09_190
3801,C09_164
3802,C09_194
3803,C09_189
3804,C09_174
3805,C09_179
3806,C09_207
3807,C09_172
3808,C09_185
3809,C09_191
3810,C09_210
3811,C09_200
3812,C09_187
3813,C09_193
3814,C09_181
3815,C09_201
3816,C09_184
3817,C09_198
3818,C09_203
3819,C09_161
3820,C09_202
3821,C09_212
3822,C09_199
3823,C09_206
3824,C09_195
3825,C09_197
3826,C09_204
3827,C09_209
3828,C09_208
3829,C09_215
3830,C09_221
3831,C09_230
3832,C09_250
3833,C09_213
3834,C09_214
3835,C09_211
3836,C09_236
3837,C09_253
3838,C09_216
3839,C09_249
3840,C09_217
3841,C09_234
3842,C09_241
3843,C09_243
3844,C09_219
3845,C09_225
3846,C09_224
3847,C09_229
3848,C09_239
3849,C09_228
3850,C09_235
3851,C09_240
3852,C09_257
3853,C09_258
3854,C09_218
3855,C09_223
3856,C09_238
3857,C09_254
3858,C09_256
3859,C09_232
3860,C09_246
3861,C09_247
3862,C09_242
3863,C09_274
3864,C09_255
3865,C09_269
3866,C09_252
3867,C09_275
3868,C09_262
3869,C09_267
3870,C09_265
3871,C09_277
3872,C09_261
3873,C09_270
3874,C09_280
3875,C09_251
3876,C09_278
3877,C09_272
3878,C09_279
3879,C09_273
3880,C09_284
3881,C09_271
3882,C09_276
3883,C09_285
3884,C09_260
3885,C09_264
3886,C09_286
3887,C09_291
3888,E03_11
3889,E03_0
3890,E03_18
3891,E03_15
3892,E03_22
3893,E03_17
3894,E03_26
3895,E03_4
3896,E03_7
3897,E03_20
3898,E03_3
3899,E03_1
3900,E03_8
3901,E03_23
3902,E03_5
3903,E03_24
3904,E03_6
3905,E03_27
3906,E03_25
3907,E03_34
3908,E03_36
3909,E03_37
3910,E03_35
3911,E03_42
3912,E03_9
3913,E03_45
3914,E03_40
3915,E03_33
3916,E03_19
3917,E03_41
3918,E03_47
3919,E03_44
3920,E03_48
3921,E03_56
3922,E03_51
3923,E03_54
3924,E03_53
3925,E03_50
3926,E03_49
3927,E03_58
3928,E03_55
3929,E03_52
3930,E03_57
3931,E03_60
3932,E03_62
3933,E03_61
3934,E03_64
3935,E03_63
3936,E03_66
3937,E03_65
3938,E03_72
3939,E03_70
3940,F04_0
3941,F04_24
3942,F04_23
3943,F04_32
3944,F04_10
3945,F04_33
3946,F04_25
3947,F04_14
3948,F04_34
3949,F04_19
3950,F04_17
3951,F04_22
3952,F04_18
3953,F04_16
3954,F04_9
3955,F04_42
3956,F04_15
3957,F04_11
3958,F04_26
3959,F04_12
3960,F04_7
3961,F04_28
3962,F04_13
3963,F04_27
3964,F04_6
3965,F04_3
3966,F04_5
3967,F04_35
3968,F04_43
3969,F04_37
3970,F04_39
3971,F04_2
3972,F04_40
3973,F04_44
3974,F04_36
3975,F04_52
3976,F04_47
3977,F04_30
3978,F04_55
3979,F04_49
3980,F04_48
3981,F04_54
3982,F04_51
3983,F04_56
3984,F04_53
3985,F04_64
3986,F04_59
3987,F04_57
3988,F04_60
3989,F04_62
3990,F04_58
3991,F04_63
3992,F04_72
3993,F04_66
3994,F04_68
3995,F04_67
3996,F04_65
3997,F04_71
3998,F04_90
3999,F04_70
4000,F04_73
4001,F04_82
4002,F04_80
4003,F04_81
4004,F04_91
4005,F04_85
4006,F04_78
4007,F04_89
4008,F04_92
4009,F04_93
4010,F04_88
4011,F04_86
4012,F04_96
4013,F04_95
4014,F04_100
4015,F04_84
4016,F04_103
4017,F04_94
4018,F04_104
4019,E02_0
4020,E02_9
4021,E02_18
4022,E02_16
4023,E02_11
4024,E02_12
4025,E02_2
4026,E02_8
4027,E02_6
4028,E02_1
4029,E02_27
4030,E02_13
4031,E02_26
4032,E02_22
4033,E02_31
4034,E02_15
4035,E02_5
4036,E02_20
4037,E02_7
4038,E02_21
4039,E02_32
4040,E02_40
4041,E02_35
4042,E02_41
4043,E02_34
4044,E02_30
4045,E02_39
4046,E02_46
4047,E02_44
4048,E02_43
4049,E02_47
4050,E02_45
4051,E02_50
4052,E02_48
4053,E02_54
4054,E02_52
4055,E02_55
4056,E02_53
4057,E02_61
4058,E02_57
4059,E02_64
4060,E02_59
4061,E02_58
4062,E02_60
4063,E02_65
4064,E02_71
4065,E02_63
4066,E02_66
4067,E02_67
4068,E02_73
4069,E02_69
4070,E02_75
4071,E02_72
4072,E02_76
4073,E02_74
4074,E02_81
4075,E02_80
4076,F08_0
4077,F08_2
4078,F08_3
4079,F08_1
4080,F08_41
4081,F08_6
4082,F08_10
4083,F08_13
4084,F08_20
4085,F08_16
4086,F08_9
4087,F08_50
4088,F08_40
4089,F08_14
4090,F08_11
4091,F08_4
4092,F08_5
4093,F08_8
4094,F08_7
4095,F08_32
4096,F08_27
4097,F08_21
4098,F08_29
4099,F08_17
4100,F08_56
4101,F08_26
4102,F08_34
4103,F08_46
4104,F08_43
4105,F08_51
4106,F08_24
4107,F08_42
4108,F08_28
4109,F08_33
4110,F08_60
4111,F08_35
4112,F08_31
4113,F08_19
4114,F08_23
4115,F08_15
4116,F08_38
4117,F08_48
4118,F08_36
4119,F08_49
4120,F08_53
4121,F08_74
4122,F08_57
4123,F08_73
4124,F08_67
4125,F08_62
4126,F08_59
4127,F08_54
4128,F08_55
4129,F08_63
4130,F08_64
4131,F08_69
4132,F08_68
4133,F08_66
4134,F08_78
4135,F08_91
4136,F08_80
4137,F08_79
4138,F08_72
4139,F08_75
4140,F08_92
4141,F08_93
4142,F08_71
4143,F08_94
4144,F08_87
4145,F08_88
4146,F08_95
4147,F08_85
4148,F08_81
4149,F08_86
4150,F08_140
4151,F08_102
4152,F08_112
4153,F08_132
4154,F08_97
4155,F08_100
4156,F08_101
4157,F08_105
4158,F08_98
4159,F08_122
4160,F08_99
4161,F08_109
4162,F08_82
4163,F08_70
4164,F08_144
4165,F08_108
4166,F08_117
4167,F08_116
4168,F08_120
4169,F08_104
4170,F08_106
4171,F08_114
4172,F08_145
4173,F08_127
4174,F08_125
4175,F08_131
4176,F08_119
4177,F08_126
4178,F08_143
4179,F08_142
4180,F08_154
4181,F08_128
4182,F08_135
4183,F08_129
4184,F08_113
4185,F08_130
4186,F08_133
4187,F08_138
4188,F08_163
4189,F08_124
4190,F08_134
4191,F08_141
4192,F08_155
4193,F08_152
4194,F08_151
4195,F08_146
4196,F08_153
4197,F08_157
4198,F08_165
4199,F08_158
4200,D03_0
4201,D03_20
4202,D03_11
4203,D03_4
4204,D03_3
4205,D03_5
4206,D03_9
4207,D03_16
4208,D03_21
4209,D03_7
4210,D03_15
4211,D03_6
4212,D03_18
4213,D03_8
4214,D03_14
4215,D03_1
4216,D03_13
4217,D03_2
4218,D03_22
4219,D03_24
4220,D03_27
4221,D03_30
4222,D03_31
4223,D03_40
4224,D03_28
4225,D03_49
4226,D03_33
4227,D03_34
4228,D03_36
4229,D03_54
4230,D03_38
4231,D03_39
4232,D03_45
4233,D03_48
4234,D03_65
4235,D03_60
4236,D03_55
4237,D03_61
4238,D03_64
4239,D03_52
4240,D03_50
4241,D03_43
4242,D03_68
4243,D03_67
4244,D03_70
4245,D03_77
4246,D03_71
4247,D03_87
4248,D03_73
4249,D03_89
4250,D03_78
4251,D03_76
4252,D03_80
4253,D03_79
4254,D03_93
4255,D03_74
4256,D03_82
4257,D03_98
4258,D03_88
4259,D03_97
4260,D03_95
4261,D03_91
4262,D03_96
4263,D03_102
4264,D03_99
4265,D03_109
4266,D03_112
4267,D03_113
4268,D03_103
4269,D03_90
4270,D03_105
4271,D03_107
4272,D03_101
4273,D03_104
4274,D03_100
4275,D03_111
4276,D03_114
4277,D06_0
4278,D06_7
4279,D06_22
4280,D06_3
4281,D06_16
4282,D06_12
4283,D06_39
4284,D06_20
4285,D06_18
4286,D06_34
4287,D06_15
4288,D06_24
4289,D06_28
4290,D06_1
4291,D06_10
4292,D06_27
4293,D06_26
4294,D06_21
4295,D06_9
4296,D06_11
4297,D06_5
4298,D06_2
4299,D06_6
4300,D06_19
4301,D06_44
4302,D06_45
4303,D06_37
4304,D06_33
4305,D06_14
4306,D06_4
4307,D06_31
4308,D06_29
4309,D06_38
4310,D06_36
4311,D06_30
4312,D06_8
4313,D06_25
4314,D06_32
4315,D06_35
4316,D06_40
4317,D06_61
4318,D06_47
4319,D06_13
4320,D06_41
4321,D06_50
4322,D06_67
4323,D06_46
4324,D06_53
4325,D06_52
4326,D06_51
4327,D06_65
4328,D06_60
4329,D06_55
4330,D06_58
4331,D06_54
4332,D06_71
4333,D06_59
4334,D06_63
4335,D06_56
4336,D06_79
4337,D06_69
4338,D06_70
4339,D06_78
4340,D06_80
4341,D06_57
4342,D06_76
4343,D06_74
4344,D06_90
4345,D06_81
4346,D06_72
4347,D06_83
4348,D06_94
4349,D06_75
4350,D06_85
4351,D06_84
4352,D06_105
4353,D06_86
4354,D06_87
4355,D06_98
4356,D06_96
4357,D06_104
4358,D06_99
4359,D06_92
4360,D06_89
4361,D06_91
4362,D06_120
4363,D06_108
4364,D06_88
4365,D06_100
4366,D06_101
4367,D06_107
4368,D06_103
4369,D06_116
4370,D06_106
4371,D06_111
4372,D06_119
4373,D06_109
4374,D06_95
4375,D06_110
4376,D06_114
4377,D06_131
4378,D06_117
4379,D06_122
4380,D06_118
4381,D06_112
4382,D06_128
4383,D06_130
4384,D06_127
4385,D06_123
4386,D06_124
4387,D06_137
4388,D06_126
4389,D06_140
4390,D06_138
4391,D06_121
4392,D06_134
4393,D06_141
4394,D06_133
4395,D06_132
4396,D06_139
4397,D06_145
4398,D06_146
4399,D06_147
4400,G06_0
4401,G06_23
4402,G06_20
4403,G06_12
4404,G06_5
4405,G06_3
4406,G06_14
4407,G06_16
4408,G06_6
4409,G06_18
4410,G06_8
4411,G06_22
4412,G06_7
4413,G06_28
4414,G06_31
4415,G06_24
4416,G06_11
4417,G06_30
4418,G06_29
4419,G06_38
4420,G06_25
4421,G06_2
4422,G06_41
4423,G06_36
4424,G06_37
4425,G06_40
4426,G06_39
4427,G06_43
4428,G06_42
4429,G06_44
4430,G06_46
4431,G06_45
4432,G06_47
4433,G06_48
4434,G06_61
4435,G06_56
4436,G06_54
4437,G06_64
4438,G06_60
4439,G06_55
4440,G06_63
4441,G06_70
4442,G06_75
4443,G06_74
4444,G06_67
4445,G06_66
4446,G06_77
4447,G06_68
4448,G06_65
4449,G06_59
4450,G06_73
4451,G06_84
4452,G06_81
4453,G06_79
4454,G06_78
4455,G06_85
4456,G06_87
4457,G06_90
4458,G06_91
4459,G06_89
4460,G06_92
4461,G06_88
4462,G06_95
4463,G06_96
4464,D05_0
4465,D05_22
4466,D05_33
4467,D05_13
4468,D05_14
4469,D05_17
4470,D05_35
4471,D05_73
4472,D05_54
4473,D05_15
4474,D05_29
4475,D05_11
4476,D05_43
4477,D05_31
4478,D05_9
4479,D05_3
4480,D05_4
4481,D05_8
4482,D05_40
4483,D05_49
4484,D05_45
4485,D05_56
4486,D05_44
4487,D05_6
4488,D05_50
4489,D05_52
4490,D05_18
4491,D05_28
4492,D05_78
4493,D05_53
4494,D05_10
4495,D05_32
4496,D05_36
4497,D05_48
4498,D05_70
4499,D05_37
4500,D05_39
4501,D05_21
4502,D05_7
4503,D05_26
4504,D05_62
4505,D05_60
4506,D05_19
4507,D05_51
4508,D05_23
4509,D05_12
4510,D05_30
4511,D05_61
4512,D05_5
4513,D05_25
4514,D05_66
4515,D05_79
4516,D05_68
4517,D05_65
4518,D05_69
4519,D05_80
4520,D05_74
4521,D05_83
4522,D05_75
4523,D05_47
4524,D05_81
4525,D05_84
4526,D05_72
4527,D05_82
4528,D05_77
4529,D05_92
4530,D05_85
4531,D05_94
4532,D05_96
4533,D05_87
4534,D05_90
4535,D05_91
4536,D05_95
4537,D05_100
4538,D05_89
4539,D05_97
4540,D05_103
4541,D05_101
4542,D05_116
4543,D05_120
4544,D05_104
4545,D05_123
4546,D05_108
4547,D05_109
4548,D05_107
4549,D05_115
4550,D05_106
4551,D05_105
4552,D05_113
4553,D05_132
4554,D05_134
4555,D05_121
4556,D05_111
4557,D05_128
4558,D05_131
4559,D05_119
4560,D05_143
4561,D05_118
4562,D05_135
4563,D05_125
4564,D05_139
4565,D05_127
4566,D05_142
4567,D05_140
4568,D05_144
4569,D05_133
4570,D05_137
4571,D05_146
4572,D05_138
4573,D05_147
4574,D05_130
4575,D05_148
4576,D05_150
4577,D05_151
4578,D05_145
4579,D05_155
4580,D05_152
4581,D05_153
4582,H07_11
4583,H07_12
4584,H07_0
4585,H07_3
4586,H07_10
4587,H07_1
4588,H07_8
4589,H07_14
4590,H07_13
4591,H07_9
4592,H07_26
4593,H07_16
4594,H07_2
4595,H07_20
4596,H07_31
4597,H07_4
4598,H07_15
4599,H07_22
4600,H07_18
4601,H07_23
4602,H07_28
4603,H07_5
4604,H07_34
4605,H07_17
4606,H07_35
4607,H07_41
4608,H07_39
4609,H07_42
4610,H07_46
4611,H07_48
4612,H07_45
4613,H07_49
4614,H07_51
4615,H07_54
4616,H07_56
4617,H07_67
4618,H07_57
4619,H07_63
4620,H07_60
4621,H07_58
4622,H07_62
4623,H07_66
4624,H07_74
4625,H07_61
4626,H07_72
4627,H07_73
4628,H07_70
4629,H07_68
4630,H07_64
4631,H07_75
4632,H07_87
4633,H07_78
4634,H07_76
4635,H07_89
4636,H07_79
4637,H07_82
4638,H07_83
4639,H07_81
4640,H07_90
4641,H07_92
4642,H07_97
4643,H07_108
4644,H07_100
4645,H07_107
4646,H07_98
4647,H07_117
4648,H07_111
4649,H07_104
4650,H07_112
4651,H07_94
4652,H07_119
4653,H07_109
4654,H07_114
4655,H07_116
4656,H07_115
4657,C05_0
4658,C05_7
4659,C05_11
4660,C05_9
4661,C05_3
4662,C05_6
4663,C05_4
4664,C05_13
4665,C05_22
4666,C05_18
4667,C05_15
4668,C05_8
4669,C05_10
4670,C05_26
4671,C05_23
4672,C05_16
4673,C05_19
4674,C05_21
4675,C05_36
4676,C05_24
4677,C05_44
4678,C05_17
4679,C05_20
4680,C05_37
4681,C05_39
4682,C05_30
4683,C05_40
4684,C05_2
4685,C05_29
4686,C05_33
4687,C05_28
4688,C05_42
4689,C05_41
4690,C05_47
4691,C05_43
4692,C05_45
4693,C05_51
4694,C05_48
4695,C05_73
4696,C05_75
4697,C05_34
4698,C05_27
4699,C05_25
4700,C05_54
4701,C05_55
4702,C05_50
4703,C05_52
4704,C05_49
4705,C05_46
4706,C05_74
4707,C05_68
4708,C05_65
4709,C05_56
4710,C05_60
4711,C05_76
4712,C05_67
4713,C05_64
4714,C05_71
4715,C05_109
4716,C05_72
4717,C05_82
4718,C05_86
4719,C05_70
4720,C05_87
4721,C05_89
4722,C05_78
4723,C05_81
4724,C05_98
4725,C05_77
4726,C05_62
4727,C05_61
4728,C05_83
4729,C05_69
4730,C05_100
4731,C05_99
4732,C05_97
4733,C05_53
4734,C05_112
4735,C05_119
4736,C05_91
4737,C05_66
4738,C05_92
4739,C05_84
4740,C05_90
4741,C05_110
4742,C05_93
4743,C05_101
4744,C05_130
4745,C05_103
4746,C05_126
4747,C05_94
4748,C05_114
4749,C05_95
4750,C05_106
4751,C05_129
4752,C05_118
4753,C05_122
4754,C05_108
4755,C05_143
4756,C05_63
4757,C05_113
4758,C05_107
4759,C05_79
4760,C05_111
4761,C05_137
4762,C05_154
4763,C05_105
4764,C05_115
4765,C05_120
4766,C05_131
4767,C05_128
4768,C05_104
4769,C05_102
4770,C05_135
4771,C05_157
4772,C05_121
4773,C05_134
4774,C05_141
4775,C05_133
4776,C05_123
4777,C05_125
4778,C05_144
4779,C05_145
4780,C05_136
4781,C05_139
4782,C05_150
4783,C05_155
4784,C05_127
4785,C05_151
4786,C05_163
4787,C05_116
4788,C05_153
4789,C05_142
4790,C05_162
4791,C05_164
4792,C05_160
4793,C05_138
4794,C05_165
4795,C05_152
4796,C05_158
4797,C05_146
4798,C05_148
4799,C05_161
4800,C05_156
4801,C05_132
4802,C05_159
4803,C05_171
4804,C05_168
4805,I09_34
4806,I09_0
4807,I09_16
4808,I09_10
4809,I09_70
4810,I09_20
4811,I09_12
4812,I09_13
4813,I09_22
4814,I09_25
4815,I09_48
4816,I09_15
4817,I09_21
4818,I09_7
4819,I09_50
4820,I09_17
4821,I09_67
4822,I09_30
4823,I09_86
4824,I09_62
4825,I09_5
4826,I09_2
4827,I09_24
4828,I09_3
4829,I09_54
4830,I09_47
4831,I09_8
4832,I09_42
4833,I09_18
4834,I09_63
4835,I09_38
4836,I09_6
4837,I09_41
4838,I09_46
4839,I09_9
4840,I09_33
4841,I09_55
4842,I09_82
4843,I09_1
4844,I09_53
4845,I09_83
4846,I09_74
4847,I09_40
4848,I09_72
4849,I09_71
4850,I09_65
4851,I09_57
4852,I09_77
4853,I09_29
4854,I09_68
4855,I09_66
4856,I09_75
4857,I09_27
4858,I09_89
4859,I09_39
4860,I09_96
4861,I09_78
4862,I09_85
4863,I09_84
4864,I09_116
4865,I09_130
4866,I09_132
4867,I09_61
4868,I09_90
4869,I09_94
4870,I09_100
4871,I09_109
4872,I09_146
4873,I09_104
4874,I09_103
4875,I09_141
4876,I09_101
4877,I09_102
4878,I09_95
4879,I09_98
4880,I09_99
4881,I09_106
4882,I09_108
4883,I09_131
4884,I09_133
4885,I09_179
4886,I09_111
4887,I09_112
4888,I09_113
4889,I09_121
4890,I09_120
4891,I09_88
4892,I09_143
4893,I09_110
4894,I09_81
4895,I09_124
4896,I09_128
4897,I09_126
4898,I09_119
4899,I09_118
4900,I09_92
4901,I09_127
4902,I09_157
4903,I09_171
4904,I09_172
4905,I09_136
4906,I09_135
4907,I09_137
4908,I09_164
4909,I09_145
4910,I09_149
4911,I09_138
4912,I09_193
4913,I09_188
4914,I09_148
4915,I09_184
4916,I09_142
4917,I09_165
4918,I09_151
4919,I09_153
4920,I09_168
4921,I09_147
4922,I09_167
4923,I09_161
4924,I09_198
4925,I09_160
4926,I09_166
4927,I09_162
4928,I09_163
4929,I09_186
4930,I09_180
4931,I09_175
4932,I09_176
4933,I09_178
4934,I09_190
4935,I09_185
4936,I09_205
4937,I09_200
4938,I09_199
4939,I09_159
4940,I09_189
4941,I09_192
4942,I09_204
4943,I09_194
4944,I09_195
4945,I09_203
4946,I09_221
4947,I09_215
4948,I09_224
4949,I09_211
4950,I09_206
4951,I09_213
4952,I09_210
4953,I09_201
4954,I09_226
4955,I09_225
4956,I09_209
4957,I09_232
4958,I09_223
4959,I09_216
4960,I09_217
4961,I09_220
4962,I09_227
4963,I09_248
4964,I09_239
4965,I09_233
4966,I09_202
4967,I09_218
4968,I09_234
4969,I09_207
4970,I09_231
4971,I09_230
4972,I09_236
4973,I09_243
4974,I09_246
4975,I09_244
4976,I09_245
4977,I09_247
4978,I09_240
4979,I09_251
4980,I05_0
4981,I05_33
4982,I05_38
4983,I05_13
4984,I05_17
4985,I05_10
4986,I05_37
4987,I05_5
4988,I05_19
4989,I05_32
4990,I05_3
4991,I05_30
4992,I05_24
4993,I05_55
4994,I05_42
4995,I05_29
4996,I05_12
4997,I05_21
4998,I05_9
4999,I05_28
5000,I05_27
5001,I05_15
5002,I05_22
5003,I05_35
5004,I05_59
5005,I05_34
5006,I05_18
5007,I05_26
5008,I05_14
5009,I05_11
5010,I05_20
5011,I05_41
5012,I05_31
5013,I05_36
5014,I05_43
5015,I05_16
5016,I05_2
5017,I05_23
5018,I05_50
5019,I05_58
5020,I05_46
5021,I05_4
5022,I05_47
5023,I05_39
5024,I05_49
5025,I05_51
5026,I05_48
5027,I05_53
5028,I05_1
5029,I05_60
5030,I05_56
5031,I05_69
5032,I05_63
5033,I05_57
5034,I05_67
5035,I05_72
5036,I05_79
5037,I05_77
5038,I05_61
5039,I05_68
5040,I05_71
5041,I05_64
5042,I05_80
5043,I05_74
5044,I05_83
5045,I05_76
5046,I05_75
5047,I05_66
5048,I05_84
5049,I05_82
5050,I05_86
5051,I05_81
5052,I05_91
5053,I05_78
5054,I05_92
5055,I05_90
5056,I05_73
5057,I05_109
5058,I05_89
5059,I05_93
5060,I05_95
5061,I05_102
5062,I05_103
5063,I05_96
5064,I05_87
5065,I05_98
5066,I05_97
5067,I05_106
5068,I05_101
5069,I05_108
5070,I05_104
5071,I05_105
5072,I05_99
5073,I05_110
5074,I05_107
5075,I05_121
5076,I05_114
5077,I05_115
5078,H03_0
5079,H03_41
5080,H03_28
5081,H03_26
5082,H03_32
5083,H03_20
5084,H03_53
5085,H03_15
5086,H03_12
5087,H03_37
5088,H03_4
5089,H03_2
5090,H03_35
5091,H03_48
5092,H03_16
5093,H03_5
5094,H03_10
5095,H03_13
5096,H03_19
5097,H03_45
5098,H03_21
5099,H03_18
5100,H03_34
5101,H03_9
5102,H03_39
5103,H03_24
5104,H03_22
5105,H03_25
5106,H03_29
5107,H03_36
5108,H03_49
5109,H03_50
5110,H03_23
5111,H03_47
5112,H03_11
5113,H03_63
5114,H03_31
5115,H03_38
5116,H03_14
5117,H03_27
5118,H03_44
5119,H03_51
5120,H03_43
5121,H03_6
5122,H03_1
5123,H03_64
5124,H03_7
5125,H03_52
5126,H03_33
5127,H03_17
5128,H03_59
5129,H03_56
5130,H03_46
5131,H03_55
5132,H03_30
5133,H03_65
5134,H03_62
5135,H03_60
5136,H03_40
5137,H03_70
5138,H03_67
5139,H03_69
5140,H03_76
5141,H03_79
5142,H03_83
5143,H03_66
5144,H03_72
5145,H03_73
5146,H03_77
5147,H03_78
5148,H03_68
5149,H03_75
5150,H03_71
5151,H03_74
5152,H03_82
5153,H03_88
5154,H03_94
5155,H03_84
5156,H03_91
5157,H03_81
5158,H03_97
5159,H03_80
5160,H03_87
5161,H03_85
5162,H03_93
5163,H03_89
5164,H03_98
5165,H03_86
5166,H03_95
5167,H03_92
5168,H03_101
5169,H03_108
5170,H03_106
5171,H03_90
5172,H03_96
5173,H03_102
5174,H03_100
5175,H03_103
5176,H03_99
5177,H03_110
5178,H03_105
5179,H03_118
5180,H03_114
5181,H03_116
5182,H03_111
5183,H03_109
5184,H03_113
5185,H03_107
5186,H03_117
5187,H03_115
5188,H03_127
5189,H03_112
5190,H03_120
5191,H03_123
5192,H03_119
5193,H03_130
5194,H03_122
5195,H03_121
5196,H03_124
5197,H03_125
5198,H03_132
5199,H03_126
5200,H03_129
5201,H03_133
5202,I02_0
5203,I02_14
5204,I02_25
5205,I02_41
5206,I02_53
5207,I02_50
5208,I02_29
5209,I02_5
5210,I02_17
5211,I02_24
5212,I02_26
5213,I02_31
5214,I02_49
5215,I02_38
5216,I02_47
5217,I02_34
5218,I02_37
5219,I02_42
5220,I02_39
5221,I02_44
5222,I02_4
5223,I02_18
5224,I02_13
5225,I02_23
5226,I02_22
5227,I02_9
5228,I02_45
5229,I02_8
5230,I02_1
5231,I02_3
5232,I02_46
5233,I02_43
5234,I02_28
5235,I02_36
5236,I02_10
5237,I02_52
5238,I02_7
5239,I02_66
5240,I02_16
5241,I02_12
5242,I02_2
5243,I02_54
5244,I02_55
5245,I02_80
5246,I02_48
5247,I02_61
5248,I02_58
5249,I02_86
5250,I02_67
5251,I02_70
5252,I02_74
5253,I02_68
5254,I02_60
5255,I02_73
5256,I02_75
5257,I02_88
5258,I02_77
5259,I02_72
5260,I02_78
5261,I02_69
5262,I02_79
5263,I02_87
5264,I02_92
5265,I02_84
5266,I02_91
5267,I02_96
5268,I02_117
5269,I02_94
5270,I02_97
5271,I02_106
5272,I02_109
5273,I02_122
5274,I02_98
5275,I02_102
5276,I02_107
5277,I02_110
5278,I02_108
5279,I02_105
5280,I02_113
5281,I02_85
5282,I02_95
5283,I02_116
5284,I02_104
5285,I02_115
5286,I02_121
5287,I02_118
5288,I02_114
5289,I02_130
5290,I02_112
5291,I02_126
5292,I02_125
5293,I02_123
5294,I02_128
5295,I02_127
5296,I02_132
5297,I02_129
5298,I02_135
5299,H09_17
5300,H09_24
5301,H09_0
5302,H09_23
5303,H09_33
5304,H09_30
5305,H09_29
5306,H09_47
5307,H09_36
5308,H09_14
5309,H09_18
5310,H09_26
5311,H09_55
5312,H09_44
5313,H09_9
5314,H09_27
5315,H09_80
5316,H09_43
5317,H09_32
5318,H09_31
5319,H09_57
5320,H09_45
5321,H09_12
5322,H09_66
5323,H09_25
5324,H09_16
5325,H09_63
5326,H09_19
5327,H09_28
5328,H09_50
5329,H09_53
5330,H09_1
5331,H09_67
5332,H09_69
5333,H09_22
5334,H09_37
5335,H09_38
5336,H09_11
5337,H09_60
5338,H09_68
5339,H09_7
5340,H09_40
5341,H09_102
5342,H09_21
5343,H09_61
5344,H09_51
5345,H09_96
5346,H09_41
5347,H09_3
5348,H09_58
5349,H09_13
5350,H09_82
5351,H09_46
5352,H09_8
5353,H09_20
5354,H09_94
5355,H09_5
5356,H09_79
5357,H09_56
5358,H09_72
5359,H09_73
5360,H09_93
5361,H09_91
5362,H09_70
5363,H09_95
5364,H09_71
5365,H09_77
5366,H09_75
5367,H09_78
5368,H09_97
5369,H09_85
5370,H09_83
5371,H09_98
5372,H09_81
5373,H09_132
5374,H09_84
5375,H09_120
5376,H09_90
5377,H09_101
5378,H09_89
5379,H09_92
5380,H09_87
5381,H09_103
5382,H09_148
5383,H09_145
5384,H09_105
5385,H09_123
5386,H09_108
5387,H09_104
5388,H09_109
5389,H09_107
5390,H09_119
5391,H09_142
5392,H09_112
5393,H09_135
5394,H09_131
5395,H09_121
5396,H09_118
5397,H09_113
5398,H09_106
5399,H09_127
5400,H09_117
5401,H09_110
5402,H09_116
5403,H09_122
5404,H09_126
5405,H09_149
5406,H09_124
5407,H09_162
5408,H09_115
5409,H09_125
5410,H09_130
5411,H09_182
5412,H09_136
5413,H09_128
5414,H09_184
5415,H09_174
5416,H09_143
5417,H09_140
5418,H09_141
5419,H09_139
5420,H09_144
5421,H09_153
5422,H09_147
5423,H09_173
5424,H09_146
5425,H09_165
5426,H09_129
5427,H09_164
5428,H09_160
5429,H09_156
5430,H09_166
5431,H09_167
5432,H09_171
5433,H09_163
5434,H09_186
5435,H09_154
5436,H09_155
5437,H09_150
5438,H09_157
5439,H09_176
5440,H09_159
5441,H09_177
5442,H09_175
5443,H09_180
5444,H09_169
5445,H09_193
5446,H09_237
5447,H09_179
5448,H09_178
5449,H09_170
5450,H09_209
5451,H09_190
5452,H09_188
5453,H09_185
5454,H09_168
5455,H09_208
5456,H09_187
5457,H09_200
5458,H09_198
5459,H09_210
5460,H09_183
5461,H09_196
5462,H09_197
5463,H09_229
5464,H09_228
5465,H09_206
5466,H09_194
5467,H09_199
5468,H09_195
5469,H09_214
5470,H09_221
5471,H09_201
5472,H09_203
5473,H09_215
5474,H09_224
5475,H09_222
5476,H09_223
5477,H09_205
5478,H09_212
5479,H09_231
5480,H09_218
5481,H09_240
5482,H09_216
5483,H09_225
5484,H09_251
5485,H09_232
5486,H09_233
5487,H09_220
5488,H09_230
5489,H09_219
5490,H09_227
5491,H09_265
5492,H09_236
5493,H09_248
5494,H09_252
5495,H09_247
5496,H09_255
5497,H09_246
5498,H09_250
5499,H09_249
5500,H09_245
5501,H09_253
5502,H09_243
5503,H09_234
5504,H09_254
5505,H09_235
5506,H09_277
5507,H09_264
5508,H09_260
5509,H09_272
5510,H09_273
5511,H09_266
5512,H09_270
5513,E07_0
5514,E07_1
5515,E07_3
5516,E07_9
5517,E07_16
5518,E07_20
5519,E07_51
5520,E07_4
5521,E07_14
5522,E07_7
5523,E07_12
5524,E07_2
5525,E07_10
5526,E07_31
5527,E07_13
5528,E07_18
5529,E07_24
5530,E07_29
5531,E07_11
5532,E07_15
5533,E07_23
5534,E07_40
5535,E07_19
5536,E07_25
5537,E07_44
5538,E07_42
5539,E07_37
5540,E07_48
5541,E07_36
5542,E07_26
5543,E07_43
5544,E07_45
5545,E07_33
5546,E07_30
5547,E07_38
5548,E07_21
5549,E07_47
5550,E07_49
5551,E07_53
5552,E07_35
5553,E07_50
5554,E07_41
5555,E07_34
5556,E07_5
5557,E07_58
5558,E07_59
5559,E07_57
5560,E07_63
5561,E07_61
5562,E07_60
5563,E07_62
5564,E07_77
5565,E07_76
5566,E07_72
5567,E07_73
5568,E07_70
5569,E07_71
5570,E07_68
5571,E07_67
5572,E07_74
5573,E07_69
5574,E07_80
5575,E07_81
5576,E07_78
5577,E07_65
5578,E07_75
5579,E07_85
5580,E07_88
5581,E07_89
5582,E07_90
5583,E07_84
5584,E07_100
5585,E07_102
5586,E07_93
5587,E07_87
5588,E07_86
5589,E07_98
5590,E07_96
5591,E07_101
5592,E07_94
5593,E07_109
5594,E07_105
5595,E07_108
5596,E07_106
5597,E07_114
5598,E07_97
5599,E07_112
5600,E07_104
5601,E07_113
5602,E07_107
5603,E07_111
5604,E07_110
5605,E07_120
5606,E07_116
5607,E07_103
5608,E07_119
5609,E07_125
5610,E07_122
5611,E07_123
5612,E07_115
5613,E07_99
5614,E07_124
5615,E07_126
5616,E07_127
5617,H02_31
5618,H02_3
5619,H02_14
5620,H02_0
5621,H02_42
5622,H02_13
5623,H02_20
5624,H02_27
5625,H02_41
5626,H02_54
5627,H02_68
5628,H02_15
5629,H02_66
5630,H02_1
5631,H02_21
5632,H02_12
5633,H02_29
5634,H02_44
5635,H02_75
5636,H02_49
5637,H02_28
5638,H02_10
5639,H02_8
5640,H02_25
5641,H02_30
5642,H02_17
5643,H02_86
5644,H02_59
5645,H02_5
5646,H02_48
5647,H02_58
5648,H02_74
5649,H02_4
5650,H02_7
5651,H02_22
5652,H02_40
5653,H02_64
5654,H02_18
5655,H02_46
5656,H02_37
5657,H02_60
5658,H02_57
5659,H02_47
5660,H02_43
5661,H02_35
5662,H02_38
5663,H02_53
5664,H02_34
5665,H02_61
5666,H02_24
5667,H02_45
5668,H02_67
5669,H02_23
5670,H02_69
5671,H02_71
5672,H02_77
5673,H02_72
5674,H02_70
5675,H02_36
5676,H02_81
5677,H02_88
5678,H02_78
5679,H02_87
5680,H02_92
5681,H02_80
5682,H02_79
5683,H02_82
5684,H02_89
5685,H02_76
5686,H02_65
5687,H02_73
5688,H02_85
5689,H02_91
5690,H02_83
5691,H02_108
5692,H02_98
5693,H02_95
5694,H02_90
5695,H02_99
5696,H02_110
5697,H02_103
5698,H02_102
5699,H02_104
5700,H02_112
5701,H02_101
5702,H02_107
5703,H02_96
5704,H02_111
5705,H02_115
5706,H02_97
5707,H02_113
5708,H02_93
5709,H02_114
5710,H02_123
5711,H02_120
5712,H02_121
5713,H02_105
5714,H02_124
5715,H02_127
5716,H02_118
5717,H02_122
5718,H02_139
5719,H02_132
5720,H02_129
5721,H02_131
5722,H02_141
5723,H02_126
5724,H02_149
5725,H02_148
5726,H02_156
5727,H02_135
5728,H02_144
5729,H02_130
5730,H02_134
5731,H02_109
5732,H02_140
5733,H02_136
5734,H02_143
5735,H02_145
5736,H02_146
5737,H02_142
5738,H02_151
5739,H02_157
5740,H02_147
5741,H02_150
5742,H02_154
5743,H02_164
5744,H02_152
5745,H02_158
5746,H02_162
5747,H02_159
5748,H02_168
5749,H02_179
5750,H02_165
5751,H02_170
5752,H02_171
5753,H02_169
5754,H02_178
5755,H02_155
5756,H02_161
5757,H02_177
5758,H02_167
5759,H02_174
5760,H02_176
5761,H02_166
5762,H02_180
5763,H02_185
5764,H02_181
5765,H02_182
5766,H02_173
5767,H02_183
5768,D07_0
5769,D07_6
5770,D07_1
5771,D07_24
5772,D07_14
5773,D07_20
5774,D07_23
5775,D07_17
5776,D07_31
5777,D07_22
5778,D07_40
5779,D07_4
5780,D07_11
5781,D07_8
5782,D07_29
5783,D07_27
5784,D07_15
5785,D07_18
5786,D07_41
5787,D07_13
5788,D07_10
5789,D07_30
5790,D07_34
5791,D07_16
5792,D07_3
5793,D07_38
5794,D07_26
5795,D07_46
5796,D07_35
5797,D07_36
5798,D07_43
5799,D07_51
5800,D07_28
5801,D07_2
5802,D07_5
5803,D07_33
5804,D07_37
5805,D07_45
5806,D07_12
5807,D07_39
5808,D07_44
5809,D07_42
5810,D07_59
5811,D07_49
5812,D07_53
5813,D07_55
5814,D07_64
5815,D07_50
5816,D07_57
5817,D07_48
5818,D07_61
5819,D07_67
5820,D07_58
5821,D07_81
5822,D07_56
5823,D07_74
5824,D07_63
5825,D07_54
5826,D07_65
5827,D07_87
5828,D07_52
5829,D07_62
5830,D07_60
5831,D07_70
5832,D07_68
5833,D07_69
5834,D07_84
5835,D07_85
5836,D07_66
5837,D07_80
5838,D07_71
5839,D07_82
5840,D07_92
5841,D07_77
5842,D07_79
5843,D07_83
5844,D07_102
5845,D07_76
5846,D07_78
5847,D07_110
5848,D07_98
5849,D07_90
5850,D07_95
5851,D07_105
5852,D07_94
5853,D07_111
5854,D07_100
5855,D07_88
5856,D07_73
5857,D07_106
5858,D07_101
5859,D07_97
5860,D07_89
5861,D07_104
5862,D07_117
5863,D07_86
5864,D07_155
5865,D07_113
5866,D07_99
5867,D07_112
5868,D07_93
5869,D07_118
5870,D07_128
5871,D07_115
5872,D07_136
5873,D07_91
5874,D07_133
5875,D07_137
5876,D07_120
5877,D07_124
5878,D07_114
5879,D07_108
5880,D07_119
5881,D07_129
5882,D07_121
5883,D07_127
5884,D07_116
5885,D07_126
5886,D07_148
5887,D07_134
5888,D07_123
5889,D07_143
5890,D07_131
5891,D07_144
5892,D07_135
5893,D07_130
5894,D07_140
5895,D07_145
5896,D07_142
5897,D07_147
5898,D07_154
5899,D07_161
5900,D07_132
5901,D07_146
5902,D07_157
5903,D07_151
5904,D07_139
5905,D07_138
5906,D07_152
5907,D07_163
5908,D07_153
5909,D07_164
5910,D07_159
5911,D07_172
5912,I04_2
5913,I04_27
5914,I04_0
5915,I04_24
5916,I04_1
5917,I04_32
5918,I04_19
5919,I04_18
5920,I04_16
5921,I04_10
5922,I04_47
5923,I04_14
5924,I04_8
5925,I04_17
5926,I04_15
5927,I04_40
5928,I04_12
5929,I04_5
5930,I04_21
5931,I04_29
5932,I04_13
5933,I04_6
5934,I04_3
5935,I04_43
5936,I04_45
5937,I04_11
5938,I04_48
5939,I04_42
5940,I04_35
5941,I04_20
5942,I04_59
5943,I04_31
5944,I04_33
5945,I04_39
5946,I04_53
5947,I04_49
5948,I04_54
5949,I04_52
5950,I04_7
5951,I04_51
5952,I04_34
5953,I04_46
5954,I04_26
5955,I04_30
5956,I04_50
5957,I04_36
5958,I04_37
5959,I04_55
5960,I04_62
5961,I04_64
5962,I04_63
5963,I04_68
5964,I04_57
5965,I04_69
5966,I04_65
5967,I04_58
5968,I04_83
5969,I04_70
5970,I04_79
5971,I04_71
5972,I04_73
5973,I04_67
5974,I04_75
5975,I04_77
5976,I04_82
5977,I04_103
5978,I04_84
5979,I04_113
5980,I04_93
5981,I04_85
5982,I04_88
5983,I04_105
5984,I04_100
5985,I04_80
5986,I04_94
5987,I04_99
5988,I04_107
5989,I04_109
5990,I04_104
5991,I04_101
5992,I04_108
5993,I04_98
5994,I04_114
5995,I04_90
5996,I04_115
5997,I04_117
5998,I04_112
5999,I04_118
6000,I04_119
6001,I04_122
6002,I04_116
6003,I04_120
6004,I04_124
6005,I04_123
6006,I04_125
6007,I04_135
6008,I04_132
6009,I04_131
6010,I04_143
6011,I04_136
6012,I04_128
6013,I04_144
6014,I04_140
6015,I04_142
6016,I04_138
6017,I04_139
6018,I04_141
6019,D08_54
6020,D08_2
6021,D08_27
6022,D08_0
6023,D08_67
6024,D08_7
6025,D08_49
6026,D08_9
6027,D08_26
6028,D08_35
6029,D08_41
6030,D08_62
6031,D08_46
6032,D08_18
6033,D08_78
6034,D08_55
6035,D08_57
6036,D08_65
6037,D08_53
6038,D08_56
6039,D08_38
6040,D08_19
6041,D08_10
6042,D08_36
6043,D08_60
6044,D08_15
6045,D08_5
6046,D08_69
6047,D08_72
6048,D08_59
6049,D08_51
6050,D08_23
6051,D08_22
6052,D08_28
6053,D08_73
6054,D08_58
6055,D08_77
6056,D08_14
6057,D08_71
6058,D08_33
6059,D08_39
6060,D08_75
6061,D08_61
6062,D08_37
6063,D08_25
6064,D08_34
6065,D08_110
6066,D08_47
6067,D08_8
6068,D08_1
6069,D08_66
6070,D08_79
6071,D08_93
6072,D08_40
6073,D08_20
6074,D08_3
6075,D08_76
6076,D08_68
6077,D08_50
6078,D08_11
6079,D08_87
6080,D08_64
6081,D08_81
6082,D08_12
6083,D08_29
6084,D08_21
6085,D08_88
6086,D08_101
6087,D08_4
6088,D08_70
6089,D08_94
6090,D08_6
6091,D08_63
6092,D08_80
6093,D08_92
6094,D08_114
6095,D08_85
6096,D08_84
6097,D08_98
6098,D08_89
6099,D08_17
6100,D08_83
6101,D08_74
6102,D08_103
6103,D08_90
6104,D08_111
6105,D08_112
6106,D08_100
6107,D08_104
6108,D08_119
6109,D08_113
6110,D08_148
6111,D08_99
6112,D08_123
6113,D08_124
6114,D08_118
6115,D08_108
6116,D08_107
6117,D08_125
6118,D08_126
6119,D08_96
6120,D08_137
6121,D08_95
6122,D08_106
6123,D08_117
6124,D08_120
6125,D08_128
6126,D08_121
6127,D08_102
6128,D08_133
6129,D08_105
6130,D08_131
6131,D08_141
6132,D08_145
6133,D08_116
6134,D08_115
6135,D08_130
6136,D08_129
6137,D08_149
6138,D08_136
6139,D08_146
6140,D08_162
6141,D08_135
6142,D08_122
6143,D08_153
6144,D08_140
6145,D08_166
6146,D08_132
6147,D08_157
6148,D08_150
6149,D08_152
6150,D08_156
6151,D08_172
6152,D08_184
6153,D08_151
6154,D08_168
6155,D08_173
6156,D08_187
6157,D08_163
6158,D08_171
6159,D08_167
6160,D08_170
6161,D08_160
6162,D08_164
6163,D08_185
6164,D08_165
6165,D08_178
6166,D08_186
6167,D08_174
6168,D08_191
6169,D08_177
6170,D08_199
6171,D08_182
6172,D08_195
6173,D08_180
6174,D08_183
6175,D08_189
6176,D08_190
6177,D08_179
6178,D08_197
6179,D08_193
6180,D08_223
6181,D08_207
6182,D08_211
6183,D08_218
6184,D08_169
6185,D08_188
6186,D08_176
6187,D08_200
6188,D08_201
6189,D08_194
6190,D08_220
6191,D08_196
6192,D08_208
6193,D08_198
6194,D08_212
6195,D08_204
6196,D08_209
6197,D08_229
6198,D08_206
6199,D08_219
6200,D08_205
6201,D08_210
6202,D08_215
6203,D08_217
6204,D08_213
6205,D08_228
6206,D08_203
6207,D08_234
6208,D08_227
6209,D08_236
6210,D08_216
6211,D08_221
6212,D08_235
6213,D08_244
6214,D08_238
6215,D08_246
6216,D08_225
6217,D08_222
6218,D08_237
6219,D08_226
6220,D08_249
6221,D08_232
6222,D08_247
6223,D08_243
6224,D08_241
6225,D08_239
6226,D08_231
6227,D08_240
6228,D08_254
6229,D08_233
6230,D08_248
6231,D08_250
6232,E08_35
6233,E08_0
6234,E08_36
6235,E08_5
6236,E08_16
6237,E08_59
6238,E08_23
6239,E08_27
6240,E08_3
6241,E08_33
6242,E08_31
6243,E08_20
6244,E08_42
6245,E08_43
6246,E08_45
6247,E08_56
6248,E08_26
6249,E08_44
6250,E08_30
6251,E08_32
6252,E08_79
6253,E08_12
6254,E08_38
6255,E08_29
6256,E08_48
6257,E08_40
6258,E08_28
6259,E08_46
6260,E08_17
6261,E08_2
6262,E08_10
6263,E08_34
6264,E08_47
6265,E08_21
6266,E08_60
6267,E08_7
6268,E08_15
6269,E08_18
6270,E08_51
6271,E08_66
6272,E08_58
6273,E08_53
6274,E08_4
6275,E08_57
6276,E08_65
6277,E08_62
6278,E08_75
6279,E08_67
6280,E08_74
6281,E08_80
6282,E08_70
6283,E08_61
6284,E08_92
6285,E08_82
6286,E08_64
6287,E08_69
6288,E08_81
6289,E08_76
6290,E08_97
6291,E08_83
6292,E08_85
6293,E08_78
6294,E08_96
6295,E08_87
6296,E08_95
6297,E08_91
6298,E08_98
6299,E08_88
6300,E08_94
6301,E08_86
6302,E08_105
6303,E08_90
6304,E08_77
6305,E08_99
6306,E08_101
6307,E08_112
6308,E08_93
6309,E08_117
6310,E08_108
6311,E08_103
6312,E08_106
6313,E08_116
6314,E08_113
6315,E08_118
6316,E08_102
6317,E08_89
6318,E08_133
6319,E08_165
6320,E08_109
6321,E08_111
6322,E08_104
6323,E08_100
6324,E08_136
6325,E08_115
6326,E08_119
6327,E08_127
6328,E08_145
6329,E08_84
6330,E08_135
6331,E08_124
6332,E08_122
6333,E08_134
6334,E08_150
6335,E08_140
6336,E08_128
6337,E08_139
6338,E08_121
6339,E08_142
6340,E08_123
6341,E08_114
6342,E08_137
6343,E08_141
6344,E08_152
6345,E08_143
6346,E08_125
6347,E08_171
6348,E08_169
6349,E08_158
6350,E08_130
6351,E08_126
6352,E08_138
6353,E08_148
6354,E08_151
6355,E08_182
6356,E08_208
6357,E08_174
6358,E08_154
6359,E08_156
6360,E08_155
6361,E08_179
6362,E08_153
6363,E08_163
6364,E08_175
6365,E08_168
6366,E08_173
6367,E08_159
6368,E08_181
6369,E08_162
6370,E08_160
6371,E08_184
6372,E08_189
6373,E08_166
6374,E08_176
6375,E08_195
6376,E08_164
6377,E08_191
6378,E08_161
6379,E08_177
6380,E08_180
6381,E08_157
6382,E08_200
6383,E08_146
6384,E08_194
6385,E08_186
6386,E08_170
6387,E08_223
6388,E08_201
6389,E08_193
6390,E08_183
6391,E08_196
6392,E08_199
6393,E08_197
6394,E08_190
6395,E08_188
6396,E08_185
6397,E08_187
6398,E08_192
6399,E08_211
6400,E08_203
6401,E08_212
6402,E08_210
6403,E08_198
6404,E08_209
6405,E08_232
6406,E08_202
6407,E08_216
6408,E08_206
6409,E08_207
6410,E08_218
6411,E08_219
6412,E08_217
6413,E08_230
6414,E08_237
6415,E08_221
6416,E08_235
6417,E08_226
6418,E08_238
6419,E08_234
6420,E08_227
6421,E08_233
6422,E08_236
6423,F05_0
6424,F05_1
6425,F05_14
6426,F05_5
6427,F05_16
6428,F05_22
6429,F05_9
6430,F05_4
6431,F05_18
6432,F05_6
6433,F05_11
6434,F05_7
6435,F05_8
6436,F05_12
6437,F05_17
6438,F05_20
6439,F05_26
6440,F05_21
6441,F05_25
6442,F05_23
6443,F05_15
6444,F05_2
6445,F05_3
6446,F05_13
6447,F05_29
6448,F05_33
6449,F05_30
6450,F05_35
6451,F05_34
6452,F05_32
6453,F05_39
6454,F05_43
6455,F05_28
6456,F05_42
6457,F05_38
6458,F05_41
6459,F05_36
6460,F05_46
6461,F05_37
6462,F05_49
6463,F05_53
6464,F05_48
6465,F05_47
6466,F05_60
6467,F05_58
6468,F05_57
6469,F05_61
6470,F05_59
6471,F05_62
6472,F05_75
6473,F05_65
6474,F05_68
6475,F05_67
6476,F05_78
6477,F05_66
6478,F05_55
6479,F05_71
6480,F05_79
6481,F05_80
6482,F05_73
6483,F05_74
6484,F05_87
6485,F05_76
6486,F05_82
6487,F05_81
6488,F05_85
6489,F05_84
6490,F05_83
6491,F05_93
6492,F05_88
6493,F05_92
6494,F05_89
6495,F05_90
6496,F05_97
6497,F05_101
6498,F05_96
6499,F05_94
6500,F05_95
6501,F05_100
6502,F05_106
6503,F05_103
6504,F05_102
6505,F05_104
6506,F05_109
6507,F05_105
6508,F05_113
6509,I07_0
6510,I07_31
6511,I07_27
6512,I07_48
6513,I07_30
6514,I07_44
6515,I07_17
6516,I07_10
6517,I07_14
6518,I07_34
6519,I07_6
6520,I07_24
6521,I07_9
6522,I07_47
6523,I07_26
6524,I07_32
6525,I07_53
6526,I07_16
6527,I07_35
6528,I07_41
6529,I07_51
6530,I07_72
6531,I07_54
6532,I07_12
6533,I07_18
6534,I07_46
6535,I07_37
6536,I07_45
6537,I07_21
6538,I07_36
6539,I07_50
6540,I07_13
6541,I07_57
6542,I07_2
6543,I07_64
6544,I07_3
6545,I07_40
6546,I07_11
6547,I07_8
6548,I07_4
6549,I07_55
6550,I07_29
6551,I07_7
6552,I07_28
6553,I07_22
6554,I07_68
6555,I07_25
6556,I07_61
6557,I07_1
6558,I07_5
6559,I07_42
6560,I07_65
6561,I07_76
6562,I07_74
6563,I07_52
6564,I07_58
6565,I07_62
6566,I07_75
6567,I07_81
6568,I07_85
6569,I07_73
6570,I07_38
6571,I07_67
6572,I07_63
6573,I07_78
6574,I07_59
6575,I07_56
6576,I07_93
6577,I07_86
6578,I07_83
6579,I07_96
6580,I07_92
6581,I07_79
6582,I07_80
6583,I07_71
6584,I07_91
6585,I07_94
6586,I07_88
6587,I07_98
6588,I07_89
6589,I07_108
6590,I07_103
6591,I07_120
6592,I07_100
6593,I07_87
6594,I07_123
6595,I07_107
6596,I07_122
6597,I07_109
6598,I07_119
6599,I07_124
6600,I07_114
6601,I07_116
6602,I07_115
6603,I07_125
6604,I07_130
6605,I07_140
6606,I07_102
6607,I07_127
6608,I07_129
6609,I07_112
6610,I07_143
6611,I07_141
6612,I07_121
6613,I07_126
6614,I07_128
6615,I07_131
6616,I07_134
6617,I07_148
6618,I07_144
6619,I07_117
6620,I07_142
6621,I07_145
6622,I07_135
6623,I07_150
6624,F07_0
6625,F07_5
6626,F07_31
6627,F07_56
6628,F07_53
6629,F07_41
6630,F07_25
6631,F07_22
6632,F07_10
6633,F07_19
6634,F07_16
6635,F07_26
6636,F07_24
6637,F07_15
6638,F07_18
6639,F07_27
6640,F07_9
6641,F07_59
6642,F07_30
6643,F07_20
6644,F07_58
6645,F07_43
6646,F07_6
6647,F07_29
6648,F07_34
6649,F07_38
6650,F07_63
6651,F07_33
6652,F07_60
6653,F07_36
6654,F07_35
6655,F07_39
6656,F07_37
6657,F07_32
6658,F07_40
6659,F07_70
6660,F07_42
6661,F07_48
6662,F07_65
6663,F07_46
6664,F07_4
6665,F07_51
6666,F07_52
6667,F07_62
6668,F07_67
6669,F07_28
6670,F07_8
6671,F07_2
6672,F07_50
6673,F07_21
6674,F07_54
6675,F07_57
6676,F07_49
6677,F07_23
6678,F07_72
6679,F07_12
6680,F07_73
6681,F07_55
6682,F07_74
6683,F07_75
6684,F07_69
6685,F07_78
6686,F07_77
6687,F07_79
6688,F07_81
6689,F07_80
6690,F07_92
6691,F07_88
6692,F07_84
6693,F07_87
6694,F07_89
6695,F07_85
6696,F07_93
6697,F07_83
6698,F07_94
6699,F07_82
6700,F07_97
6701,F07_101
6702,F07_86
6703,F07_106
6704,F07_111
6705,F07_96
6706,F07_100
6707,F07_112
6708,F07_121
6709,F07_103
6710,F07_108
6711,F07_104
6712,F07_102
6713,F07_114
6714,F07_118
6715,F07_116
6716,F07_98
6717,F07_110
6718,F07_128
6719,F07_119
6720,F07_113
6721,F07_126
6722,F07_125
6723,F07_117
6724,F07_123
6725,F07_136
6726,F07_105
6727,F07_130
6728,F07_137
6729,F07_122
6730,F07_145
6731,F07_131
6732,F07_138
6733,F07_129
6734,F07_142
6735,F07_151
6736,F07_135
6737,F07_150
6738,F07_153
6739,F07_144
6740,F07_149
6741,F07_148
6742,F07_147
6743,F07_141
6744,F07_140
6745,F07_133
6746,F07_152
6747,F07_143
6748,F07_155
